"season"	"date"	"gameLeague"	"team"	"HT_VT"	"Min"	"Gls"	"Ast"	"PK"	"PKatt"	"CrdY"	"CrdR"
"2017"	20170415	"National Women's Soccer League"	"Washington Spirit"	"HT"	990	0	0	0	0	2	0
"2017"	20170415	"National Women's Soccer League"	"North Carolina Courage"	"VT"	990	1	1	0	0	0	0
"2017"	20170415	"National Women's Soccer League"	"Portland Thorns FC"	"HT"	990	2	1	1	1	0	0
"2017"	20170415	"National Women's Soccer League"	"Orlando Pride"	"VT"	991	0	0	0	0	0	0
"2017"	20170415	"National Women's Soccer League"	"Houston Dash"	"HT"	990	2	2	0	0	1	0
"2017"	20170415	"National Women's Soccer League"	"Chicago Red Stars"	"VT"	990	0	0	0	0	1	0
"2017"	20170415	"National Women's Soccer League"	"Seattle Reign FC"	"HT"	990	1	0	1	1	1	0
"2017"	20170415	"National Women's Soccer League"	"Sky Blue FC"	"VT"	990	1	0	1	1	0	0
"2017"	20170416	"National Women's Soccer League"	"FC Kansas City"	"HT"	990	2	2	0	0	0	0
"2017"	20170416	"National Women's Soccer League"	"Boston Breakers"	"VT"	990	0	0	0	0	2	0
"2017"	20170422	"National Women's Soccer League"	"Chicago Red Stars"	"HT"	990	1	1	0	1	0	0
"2017"	20170422	"National Women's Soccer League"	"FC Kansas City"	"VT"	990	0	0	0	0	0	0
"2017"	20170422	"National Women's Soccer League"	"Seattle Reign FC"	"HT"	990	5	2	0	0	1	0
"2017"	20170422	"National Women's Soccer League"	"Houston Dash"	"VT"	990	1	0	0	0	0	0
"2017"	20170422	"National Women's Soccer League"	"North Carolina Courage"	"HT"	990	1	1	0	1	2	0
"2017"	20170422	"National Women's Soccer League"	"Portland Thorns FC"	"VT"	990	0	0	0	0	0	0
"2017"	20170422	"National Women's Soccer League"	"Orlando Pride"	"HT"	991	1	1	0	0	1	0
"2017"	20170422	"National Women's Soccer League"	"Washington Spirit"	"VT"	990	1	0	0	0	2	0
"2017"	20170423	"National Women's Soccer League"	"Boston Breakers"	"HT"	990	1	1	0	0	1	0
"2017"	20170423	"National Women's Soccer League"	"Sky Blue FC"	"VT"	990	0	0	0	0	0	0
"2017"	20170429	"National Women's Soccer League"	"Washington Spirit"	"HT"	990	0	0	0	0	0	0
"2017"	20170429	"National Women's Soccer League"	"Houston Dash"	"VT"	990	1	1	0	0	1	0
"2017"	20170429	"National Women's Soccer League"	"North Carolina Courage"	"HT"	990	3	1	1	1	3	0
"2017"	20170429	"National Women's Soccer League"	"Orlando Pride"	"VT"	991	1	1	0	0	1	0
"2017"	20170429	"National Women's Soccer League"	"Boston Breakers"	"HT"	990	3	2	0	0	2	0
"2017"	20170429	"National Women's Soccer League"	"Seattle Reign FC"	"VT"	990	0	0	0	0	2	0
"2017"	20170429	"National Women's Soccer League"	"Portland Thorns FC"	"HT"	990	1	0	1	1	2	0
"2017"	20170429	"National Women's Soccer League"	"Chicago Red Stars"	"VT"	990	0	0	0	0	2	0
"2017"	20170430	"National Women's Soccer League"	"Sky Blue FC"	"HT"	990	1	1	0	0	2	0
"2017"	20170430	"National Women's Soccer League"	"FC Kansas City"	"VT"	990	0	0	0	0	0	0
"2017"	20170506	"National Women's Soccer League"	"Washington Spirit"	"HT"	990	3	2	0	0	1	0
"2017"	20170506	"National Women's Soccer League"	"Sky Blue FC"	"VT"	990	3	1	1	1	1	0
"2017"	20170506	"National Women's Soccer League"	"Portland Thorns FC"	"HT"	990	1	1	0	0	2	0
"2017"	20170506	"National Women's Soccer League"	"Seattle Reign FC"	"VT"	990	2	2	0	0	2	0
"2017"	20170506	"National Women's Soccer League"	"Chicago Red Stars"	"HT"	990	1	0	0	0	1	0
"2017"	20170506	"National Women's Soccer League"	"Houston Dash"	"VT"	990	0	0	0	0	1	0
"2017"	20170507	"National Women's Soccer League"	"FC Kansas City"	"HT"	990	1	1	0	0	1	0
"2017"	20170507	"National Women's Soccer League"	"Orlando Pride"	"VT"	991	1	1	0	0	1	0
"2017"	20170507	"National Women's Soccer League"	"Boston Breakers"	"HT"	990	0	0	0	0	3	0
"2017"	20170507	"National Women's Soccer League"	"North Carolina Courage"	"VT"	990	1	0	0	0	1	0
"2017"	20170513	"National Women's Soccer League"	"Houston Dash"	"HT"	990	1	1	0	0	1	0
"2017"	20170513	"National Women's Soccer League"	"Sky Blue FC"	"VT"	990	3	2	1	1	2	0
"2017"	20170513	"National Women's Soccer League"	"Seattle Reign FC"	"HT"	990	6	6	0	0	0	0
"2017"	20170513	"National Women's Soccer League"	"Washington Spirit"	"VT"	990	2	1	1	1	0	0
"2017"	20170513	"National Women's Soccer League"	"FC Kansas City"	"HT"	990	0	0	0	0	1	0
"2017"	20170513	"National Women's Soccer League"	"Portland Thorns FC"	"VT"	990	0	0	0	0	0	0
"2017"	20170514	"National Women's Soccer League"	"Orlando Pride"	"HT"	990	3	3	0	0	2	0
"2017"	20170514	"National Women's Soccer League"	"North Carolina Courage"	"VT"	956	1	1	0	0	2	1
"2017"	20170514	"National Women's Soccer League"	"Chicago Red Stars"	"HT"	990	1	1	0	0	0	0
"2017"	20170514	"National Women's Soccer League"	"Boston Breakers"	"VT"	990	1	0	0	0	1	0
"2017"	20170519	"National Women's Soccer League"	"Boston Breakers"	"HT"	990	2	2	0	0	1	0
"2017"	20170519	"National Women's Soccer League"	"Portland Thorns FC"	"VT"	990	2	1	1	1	2	0
"2017"	20170520	"National Women's Soccer League"	"Washington Spirit"	"HT"	990	0	0	0	0	1	0
"2017"	20170520	"National Women's Soccer League"	"FC Kansas City"	"VT"	990	1	1	0	0	1	0
"2017"	20170520	"National Women's Soccer League"	"Sky Blue FC"	"HT"	990	2	0	1	1	1	0
"2017"	20170520	"National Women's Soccer League"	"Houston Dash"	"VT"	990	1	0	0	0	1	0
"2017"	20170521	"National Women's Soccer League"	"Seattle Reign FC"	"HT"	990	1	1	0	0	2	0
"2017"	20170521	"National Women's Soccer League"	"Orlando Pride"	"VT"	990	1	2	0	0	2	0
"2017"	20170521	"National Women's Soccer League"	"North Carolina Courage"	"HT"	990	1	1	0	0	0	0
"2017"	20170521	"National Women's Soccer League"	"Chicago Red Stars"	"VT"	990	3	1	1	1	2	0
"2017"	20170524	"National Women's Soccer League"	"North Carolina Courage"	"HT"	990	2	1	0	0	1	0
"2017"	20170524	"National Women's Soccer League"	"Sky Blue FC"	"VT"	990	0	0	0	0	2	0
"2017"	20170527	"National Women's Soccer League"	"FC Kansas City"	"HT"	969	3	3	0	0	2	1
"2017"	20170527	"National Women's Soccer League"	"Washington Spirit"	"VT"	990	2	2	0	0	2	0
"2017"	20170527	"National Women's Soccer League"	"Houston Dash"	"HT"	990	0	0	0	0	0	0
"2017"	20170527	"National Women's Soccer League"	"Seattle Reign FC"	"VT"	990	1	1	0	0	0	0
"2017"	20170527	"National Women's Soccer League"	"Portland Thorns FC"	"HT"	990	1	0	0	0	1	0
"2017"	20170527	"National Women's Soccer League"	"Boston Breakers"	"VT"	989	0	0	0	0	2	1
"2017"	20170527	"National Women's Soccer League"	"Chicago Red Stars"	"HT"	990	3	2	0	0	1	0
"2017"	20170527	"National Women's Soccer League"	"North Carolina Courage"	"VT"	990	2	1	0	0	0	0
"2017"	20170603	"National Women's Soccer League"	"Washington Spirit"	"HT"	990	2	2	0	0	0	0
"2017"	20170603	"National Women's Soccer League"	"Houston Dash"	"VT"	990	0	0	0	0	1	0
"2017"	20170603	"National Women's Soccer League"	"North Carolina Courage"	"HT"	990	2	3	0	0	2	0
"2017"	20170603	"National Women's Soccer League"	"FC Kansas City"	"VT"	990	0	0	0	0	1	0
"2017"	20170603	"National Women's Soccer League"	"Sky Blue FC"	"HT"	990	0	0	0	1	2	0
"2017"	20170603	"National Women's Soccer League"	"Portland Thorns FC"	"VT"	990	2	3	0	0	2	0
"2017"	20170603	"National Women's Soccer League"	"Orlando Pride"	"HT"	991	2	1	1	1	2	0
"2017"	20170603	"National Women's Soccer League"	"Boston Breakers"	"VT"	990	0	0	0	0	4	0
"2017"	20170604	"National Women's Soccer League"	"Chicago Red Stars"	"HT"	990	1	1	0	0	0	0
"2017"	20170604	"National Women's Soccer League"	"Seattle Reign FC"	"VT"	990	0	0	0	0	1	0
"2017"	20170617	"National Women's Soccer League"	"Houston Dash"	"HT"	990	2	3	0	0	2	0
"2017"	20170617	"National Women's Soccer League"	"Orlando Pride"	"VT"	990	4	3	0	0	1	0
"2017"	20170617	"National Women's Soccer League"	"FC Kansas City"	"HT"	990	2	2	0	0	2	0
"2017"	20170617	"National Women's Soccer League"	"Seattle Reign FC"	"VT"	990	2	2	0	0	2	0
"2017"	20170617	"National Women's Soccer League"	"Portland Thorns FC"	"HT"	990	1	0	0	1	1	0
"2017"	20170617	"National Women's Soccer League"	"Sky Blue FC"	"VT"	990	3	3	0	1	2	0
"2017"	20170617	"National Women's Soccer League"	"North Carolina Courage"	"HT"	990	3	2	0	0	0	0
"2017"	20170617	"National Women's Soccer League"	"Boston Breakers"	"VT"	990	1	1	0	0	1	0
"2017"	20170617	"National Women's Soccer League"	"Chicago Red Stars"	"HT"	990	1	0	1	1	1	0
"2017"	20170617	"National Women's Soccer League"	"Washington Spirit"	"VT"	990	1	1	0	0	2	0
"2017"	20170624	"National Women's Soccer League"	"Orlando Pride"	"HT"	991	0	0	0	0	0	0
"2017"	20170624	"National Women's Soccer League"	"Houston Dash"	"VT"	990	2	2	0	0	1	0
"2017"	20170624	"National Women's Soccer League"	"Washington Spirit"	"HT"	990	1	0	0	0	0	0
"2017"	20170624	"National Women's Soccer League"	"Portland Thorns FC"	"VT"	990	0	0	0	0	0	0
"2017"	20170624	"National Women's Soccer League"	"Boston Breakers"	"HT"	990	0	0	0	0	2	0
"2017"	20170624	"National Women's Soccer League"	"North Carolina Courage"	"VT"	990	1	1	0	0	0	0
"2017"	20170624	"National Women's Soccer League"	"Seattle Reign FC"	"HT"	903	1	0	0	0	0	1
"2017"	20170624	"National Women's Soccer League"	"FC Kansas City"	"VT"	990	1	1	0	0	2	0
"2017"	20170625	"National Women's Soccer League"	"Chicago Red Stars"	"HT"	990	2	1	0	0	0	0
"2017"	20170625	"National Women's Soccer League"	"Sky Blue FC"	"VT"	990	1	1	0	0	0	0
"2017"	20170628	"National Women's Soccer League"	"Houston Dash"	"HT"	990	0	0	0	0	0	0
"2017"	20170628	"National Women's Soccer League"	"Boston Breakers"	"VT"	990	0	0	0	0	2	0
"2017"	20170628	"National Women's Soccer League"	"Portland Thorns FC"	"HT"	990	3	2	0	0	3	0
"2017"	20170628	"National Women's Soccer League"	"FC Kansas City"	"VT"	990	0	0	0	0	3	0
"2017"	20170628	"National Women's Soccer League"	"Sky Blue FC"	"HT"	990	2	1	1	2	1	0
"2017"	20170628	"National Women's Soccer League"	"Orlando Pride"	"VT"	989	3	1	0	0	1	0
"2017"	20170628	"National Women's Soccer League"	"Seattle Reign FC"	"HT"	990	2	0	2	2	0	0
"2017"	20170628	"National Women's Soccer League"	"Chicago Red Stars"	"VT"	990	1	1	0	0	1	0
"2017"	20170701	"National Women's Soccer League"	"North Carolina Courage"	"HT"	990	0	0	0	1	1	0
"2017"	20170701	"National Women's Soccer League"	"Sky Blue FC"	"VT"	990	1	1	0	0	1	0
"2017"	20170701	"National Women's Soccer League"	"Orlando Pride"	"HT"	990	0	0	0	0	1	0
"2017"	20170701	"National Women's Soccer League"	"Chicago Red Stars"	"VT"	990	1	0	1	1	0	0
"2017"	20170701	"National Women's Soccer League"	"Seattle Reign FC"	"HT"	990	2	1	0	0	1	0
"2017"	20170701	"National Women's Soccer League"	"Portland Thorns FC"	"VT"	990	0	0	0	0	3	0
"2017"	20170701	"National Women's Soccer League"	"Boston Breakers"	"HT"	990	1	1	0	0	1	0
"2017"	20170701	"National Women's Soccer League"	"Washington Spirit"	"VT"	990	0	0	0	0	1	0
"2017"	20170702	"National Women's Soccer League"	"FC Kansas City"	"HT"	961	1	1	0	0	2	1
"2017"	20170702	"National Women's Soccer League"	"Houston Dash"	"VT"	990	2	1	0	0	1	0
"2017"	20170707	"National Women's Soccer League"	"Boston Breakers"	"HT"	990	0	0	0	0	2	0
"2017"	20170707	"National Women's Soccer League"	"Chicago Red Stars"	"VT"	990	0	0	0	0	1	0
"2017"	20170708	"National Women's Soccer League"	"Sky Blue FC"	"HT"	990	3	3	0	0	1	0
"2017"	20170708	"National Women's Soccer League"	"FC Kansas City"	"VT"	944	2	2	0	0	0	1
"2017"	20170708	"National Women's Soccer League"	"Washington Spirit"	"HT"	990	2	1	1	1	0	0
"2017"	20170708	"National Women's Soccer League"	"Orlando Pride"	"VT"	990	2	0	1	1	0	0
"2017"	20170708	"National Women's Soccer League"	"North Carolina Courage"	"HT"	990	2	0	0	0	1	0
"2017"	20170708	"National Women's Soccer League"	"Seattle Reign FC"	"VT"	990	0	0	0	0	1	0
"2017"	20170708	"National Women's Soccer League"	"Houston Dash"	"HT"	989	1	1	0	0	2	1
"2017"	20170708	"National Women's Soccer League"	"Portland Thorns FC"	"VT"	990	1	0	0	0	1	0
"2017"	20170715	"National Women's Soccer League"	"Portland Thorns FC"	"HT"	990	1	1	0	0	1	0
"2017"	20170715	"National Women's Soccer League"	"North Carolina Courage"	"VT"	990	0	0	0	0	1	0
"2017"	20170715	"National Women's Soccer League"	"Houston Dash"	"HT"	990	2	2	0	0	1	0
"2017"	20170715	"National Women's Soccer League"	"Washington Spirit"	"VT"	990	1	1	0	0	0	0
"2017"	20170715	"National Women's Soccer League"	"Orlando Pride"	"HT"	990	4	2	1	1	1	0
"2017"	20170715	"National Women's Soccer League"	"FC Kansas City"	"VT"	990	1	1	0	0	1	0
"2017"	20170715	"National Women's Soccer League"	"Seattle Reign FC"	"HT"	990	1	0	0	0	0	0
"2017"	20170715	"National Women's Soccer League"	"Boston Breakers"	"VT"	990	1	1	0	0	0	0
"2017"	20170715	"National Women's Soccer League"	"Sky Blue FC"	"HT"	990	2	1	0	0	4	0
"2017"	20170715	"National Women's Soccer League"	"Chicago Red Stars"	"VT"	990	2	2	0	0	0	0
"2017"	20170722	"National Women's Soccer League"	"Seattle Reign FC"	"HT"	990	4	2	1	1	2	0
"2017"	20170722	"National Women's Soccer League"	"Sky Blue FC"	"VT"	990	4	1	1	1	1	0
"2017"	20170722	"National Women's Soccer League"	"Houston Dash"	"HT"	990	1	1	0	0	0	0
"2017"	20170722	"National Women's Soccer League"	"Boston Breakers"	"VT"	990	0	0	0	0	0	0
"2017"	20170722	"National Women's Soccer League"	"Portland Thorns FC"	"HT"	990	2	2	0	0	1	0
"2017"	20170722	"National Women's Soccer League"	"Washington Spirit"	"VT"	990	1	0	0	0	2	0
"2017"	20170722	"National Women's Soccer League"	"Chicago Red Stars"	"HT"	990	2	2	0	0	0	0
"2017"	20170722	"National Women's Soccer League"	"Orlando Pride"	"VT"	989	1	1	0	0	1	0
"2017"	20170804	"National Women's Soccer League"	"Boston Breakers"	"HT"	990	2	2	0	0	0	0
"2017"	20170804	"National Women's Soccer League"	"FC Kansas City"	"VT"	990	2	2	0	0	0	0
"2017"	20170804	"National Women's Soccer League"	"Sky Blue FC"	"HT"	990	1	1	0	0	0	0
"2017"	20170804	"National Women's Soccer League"	"Washington Spirit"	"VT"	990	4	3	1	1	1	0
"2017"	20170805	"National Women's Soccer League"	"Portland Thorns FC"	"HT"	990	2	1	0	0	0	0
"2017"	20170805	"National Women's Soccer League"	"Houston Dash"	"VT"	990	1	0	1	1	2	0
"2017"	20170805	"National Women's Soccer League"	"Orlando Pride"	"HT"	990	1	1	0	0	1	0
"2017"	20170805	"National Women's Soccer League"	"Chicago Red Stars"	"VT"	990	1	1	0	0	1	0
"2017"	20170805	"National Women's Soccer League"	"North Carolina Courage"	"HT"	990	1	1	0	0	0	0
"2017"	20170805	"National Women's Soccer League"	"Seattle Reign FC"	"VT"	990	0	0	0	0	2	0
"2017"	20170808	"National Women's Soccer League"	"Orlando Pride"	"HT"	990	3	2	0	0	2	0
"2017"	20170808	"National Women's Soccer League"	"Washington Spirit"	"VT"	990	0	0	0	0	0	0
"2017"	20170810	"National Women's Soccer League"	"FC Kansas City"	"HT"	990	0	0	0	0	1	0
"2017"	20170810	"National Women's Soccer League"	"North Carolina Courage"	"VT"	990	1	0	0	0	0	0
"2017"	20170812	"National Women's Soccer League"	"Orlando Pride"	"HT"	990	5	4	0	1	0	0
"2017"	20170812	"National Women's Soccer League"	"Sky Blue FC"	"VT"	990	0	0	0	0	0	0
"2017"	20170812	"National Women's Soccer League"	"Washington Spirit"	"HT"	990	2	0	0	0	0	0
"2017"	20170812	"National Women's Soccer League"	"Boston Breakers"	"VT"	990	2	1	0	0	1	0
"2017"	20170812	"National Women's Soccer League"	"Chicago Red Stars"	"HT"	990	2	1	0	0	1	0
"2017"	20170812	"National Women's Soccer League"	"Portland Thorns FC"	"VT"	990	3	3	0	0	0	0
"2017"	20170813	"National Women's Soccer League"	"Seattle Reign FC"	"HT"	990	1	1	0	0	0	0
"2017"	20170813	"National Women's Soccer League"	"North Carolina Courage"	"VT"	990	2	1	0	0	0	0
"2017"	20170813	"National Women's Soccer League"	"Houston Dash"	"HT"	990	0	0	0	0	1	0
"2017"	20170813	"National Women's Soccer League"	"FC Kansas City"	"VT"	990	1	1	0	0	0	0
"2017"	20170816	"National Women's Soccer League"	"Boston Breakers"	"HT"	990	1	1	0	0	2	0
"2017"	20170816	"National Women's Soccer League"	"Houston Dash"	"VT"	990	3	1	0	0	0	0
"2017"	20170816	"National Women's Soccer League"	"Chicago Red Stars"	"HT"	990	1	1	0	0	0	0
"2017"	20170816	"National Women's Soccer League"	"Seattle Reign FC"	"VT"	990	2	2	0	0	1	0
"2017"	20170816	"National Women's Soccer League"	"FC Kansas City"	"HT"	990	2	1	0	0	0	0
"2017"	20170816	"National Women's Soccer League"	"Portland Thorns FC"	"VT"	990	1	0	1	1	0	0
"2017"	20170819	"National Women's Soccer League"	"North Carolina Courage"	"HT"	990	1	1	0	0	1	0
"2017"	20170819	"National Women's Soccer League"	"Washington Spirit"	"VT"	990	0	0	0	0	1	0
"2017"	20170819	"National Women's Soccer League"	"Sky Blue FC"	"HT"	990	5	4	0	1	1	0
"2017"	20170819	"National Women's Soccer League"	"Seattle Reign FC"	"VT"	990	4	2	0	0	0	0
"2017"	20170819	"National Women's Soccer League"	"Portland Thorns FC"	"HT"	990	2	2	0	0	4	0
"2017"	20170819	"National Women's Soccer League"	"Houston Dash"	"VT"	978	0	0	0	0	4	1
"2017"	20170819	"National Women's Soccer League"	"Boston Breakers"	"HT"	990	1	0	1	1	3	0
"2017"	20170819	"National Women's Soccer League"	"Orlando Pride"	"VT"	990	2	1	0	0	2	0
"2017"	20170820	"National Women's Soccer League"	"Chicago Red Stars"	"HT"	990	1	1	0	1	2	0
"2017"	20170820	"National Women's Soccer League"	"FC Kansas City"	"VT"	990	3	3	0	0	1	0
"2017"	20170826	"National Women's Soccer League"	"Sky Blue FC"	"HT"	990	1	1	0	0	1	0
"2017"	20170826	"National Women's Soccer League"	"Boston Breakers"	"VT"	990	0	0	0	0	2	0
"2017"	20170826	"National Women's Soccer League"	"FC Kansas City"	"HT"	990	1	1	0	0	0	0
"2017"	20170826	"National Women's Soccer League"	"Orlando Pride"	"VT"	990	2	1	0	0	1	0
"2017"	20170826	"National Women's Soccer League"	"Seattle Reign FC"	"HT"	990	1	0	1	1	2	0
"2017"	20170826	"National Women's Soccer League"	"Portland Thorns FC"	"VT"	990	2	0	0	0	3	0
"2017"	20170826	"National Women's Soccer League"	"Washington Spirit"	"HT"	990	1	1	0	0	1	0
"2017"	20170826	"National Women's Soccer League"	"Chicago Red Stars"	"VT"	990	2	2	0	0	1	0
"2017"	20170830	"National Women's Soccer League"	"Washington Spirit"	"HT"	990	2	0	0	0	2	0
"2017"	20170830	"National Women's Soccer League"	"North Carolina Courage"	"VT"	990	3	3	0	0	0	0
"2017"	20170902	"National Women's Soccer League"	"Orlando Pride"	"HT"	990	4	2	0	0	0	0
"2017"	20170902	"National Women's Soccer League"	"Boston Breakers"	"VT"	990	2	2	0	0	1	0
"2017"	20170902	"National Women's Soccer League"	"Portland Thorns FC"	"HT"	990	4	3	0	1	1	0
"2017"	20170902	"National Women's Soccer League"	"Washington Spirit"	"VT"	990	0	0	0	0	1	0
"2017"	20170903	"National Women's Soccer League"	"Chicago Red Stars"	"HT"	990	2	2	0	0	2	0
"2017"	20170903	"National Women's Soccer League"	"North Carolina Courage"	"VT"	990	1	1	0	0	1	0
"2017"	20170903	"National Women's Soccer League"	"FC Kansas City"	"HT"	990	4	3	0	0	0	0
"2017"	20170903	"National Women's Soccer League"	"Sky Blue FC"	"VT"	990	1	1	0	0	0	0
"2017"	20170903	"National Women's Soccer League"	"Houston Dash"	"HT"	990	0	0	0	0	1	0
"2017"	20170903	"National Women's Soccer League"	"Seattle Reign FC"	"VT"	990	1	1	0	1	2	0
"2017"	20170907	"National Women's Soccer League"	"Orlando Pride"	"HT"	990	1	1	0	0	0	0
"2017"	20170907	"National Women's Soccer League"	"Seattle Reign FC"	"VT"	990	1	1	0	0	3	0
"2017"	20170909	"National Women's Soccer League"	"FC Kansas City"	"HT"	990	0	0	0	0	1	0
"2017"	20170909	"National Women's Soccer League"	"Chicago Red Stars"	"VT"	990	0	0	0	0	0	0
"2017"	20170909	"National Women's Soccer League"	"North Carolina Courage"	"HT"	990	1	1	0	0	1	0
"2017"	20170909	"National Women's Soccer League"	"Houston Dash"	"VT"	990	0	0	0	0	2	0
"2017"	20170910	"National Women's Soccer League"	"Boston Breakers"	"HT"	990	0	0	0	0	1	0
"2017"	20170910	"National Women's Soccer League"	"Portland Thorns FC"	"VT"	990	1	1	0	0	0	0
"2017"	20170910	"National Women's Soccer League"	"Sky Blue FC"	"HT"	990	1	0	0	0	0	0
"2017"	20170910	"National Women's Soccer League"	"Washington Spirit"	"VT"	990	2	2	0	0	0	0
"2017"	20170923	"National Women's Soccer League"	"Orlando Pride"	"HT"	990	0	0	0	0	1	0
"2017"	20170923	"National Women's Soccer League"	"Portland Thorns FC"	"VT"	990	0	0	0	0	1	0
"2017"	20170923	"National Women's Soccer League"	"Houston Dash"	"HT"	990	2	1	1	1	1	0
"2017"	20170923	"National Women's Soccer League"	"Chicago Red Stars"	"VT"	988	3	1	1	1	0	1
"2017"	20170923	"National Women's Soccer League"	"Washington Spirit"	"HT"	990	0	0	0	0	0	0
"2017"	20170923	"National Women's Soccer League"	"Boston Breakers"	"VT"	990	2	1	0	0	2	0
"2017"	20170924	"National Women's Soccer League"	"Sky Blue FC"	"HT"	990	1	1	0	0	1	0
"2017"	20170924	"National Women's Soccer League"	"North Carolina Courage"	"VT"	990	1	1	0	0	0	0
"2017"	20170924	"National Women's Soccer League"	"Seattle Reign FC"	"HT"	990	0	0	0	0	1	0
"2017"	20170924	"National Women's Soccer League"	"FC Kansas City"	"VT"	990	1	1	0	0	0	0
"2017"	20170927	"National Women's Soccer League"	"Houston Dash"	"HT"	990	0	0	0	0	0	0
"2017"	20170927	"National Women's Soccer League"	"North Carolina Courage"	"VT"	990	4	4	0	0	0	0
"2017"	20170930	"National Women's Soccer League"	"Boston Breakers"	"HT"	990	2	2	0	0	1	0
"2017"	20170930	"National Women's Soccer League"	"Sky Blue FC"	"VT"	990	4	4	0	0	1	0
"2017"	20170930	"National Women's Soccer League"	"North Carolina Courage"	"HT"	990	2	1	1	1	1	0
"2017"	20170930	"National Women's Soccer League"	"Orlando Pride"	"VT"	990	3	2	0	0	2	0
"2017"	20170930	"National Women's Soccer League"	"Portland Thorns FC"	"HT"	990	3	0	1	1	1	0
"2017"	20170930	"National Women's Soccer League"	"Chicago Red Stars"	"VT"	990	1	0	0	0	2	0
"2017"	20170930	"National Women's Soccer League"	"Washington Spirit"	"HT"	990	2	2	0	0	0	0
"2017"	20170930	"National Women's Soccer League"	"Seattle Reign FC"	"VT"	990	3	3	0	0	0	0
"2017"	20171001	"National Women's Soccer League"	"FC Kansas City"	"HT"	990	1	1	0	0	2	0
"2017"	20171001	"National Women's Soccer League"	"Houston Dash"	"VT"	990	1	1	0	0	2	0
"2017"	20171007	"National Women's Soccer League"	"Portland Thorns FC"	"HT"	990	4	4	0	0	1	0
"2017"	20171007	"National Women's Soccer League"	"Orlando Pride"	"VT"	990	1	1	0	0	0	0
"2017"	20171008	"National Women's Soccer League"	"North Carolina Courage"	"HT"	990	1	1	0	0	0	0
"2017"	20171008	"National Women's Soccer League"	"Chicago Red Stars"	"VT"	990	0	0	0	0	1	0
"2017"	20171014	"National Women's Soccer League"	"North Carolina Courage"	"HT"	990	0	0	0	0	0	0
"2017"	20171014	"National Women's Soccer League"	"Portland Thorns FC"	"VT"	990	1	1	0	0	3	0
"2018"	20180324	"National Women's Soccer League"	"Seattle Reign FC"	"HT"	990	2	1	0	0	2	0
"2018"	20180324	"National Women's Soccer League"	"Washington Spirit"	"VT"	990	1	1	0	0	0	0
"2018"	20180324	"National Women's Soccer League"	"Orlando Pride"	"HT"	989	1	0	1	1	1	0
"2018"	20180324	"National Women's Soccer League"	"Utah Royals FC"	"VT"	990	1	0	0	0	2	0
"2018"	20180324	"National Women's Soccer League"	"North Carolina Courage"	"HT"	990	1	1	0	0	1	0
"2018"	20180324	"National Women's Soccer League"	"Portland Thorns FC"	"VT"	990	0	0	0	0	2	0
"2018"	20180325	"National Women's Soccer League"	"Houston Dash"	"HT"	990	1	1	0	0	1	0
"2018"	20180325	"National Women's Soccer League"	"Chicago Red Stars"	"VT"	990	1	1	0	0	1	0
"2018"	20180330	"National Women's Soccer League"	"Houston Dash"	"HT"	990	0	0	0	0	0	0
"2018"	20180330	"National Women's Soccer League"	"Utah Royals FC"	"VT"	990	0	0	0	0	0	0
"2018"	20180331	"National Women's Soccer League"	"North Carolina Courage"	"HT"	990	1	1	0	0	0	0
"2018"	20180331	"National Women's Soccer League"	"Sky Blue FC"	"VT"	990	0	0	0	0	2	0
"2018"	20180331	"National Women's Soccer League"	"Chicago Red Stars"	"HT"	990	2	2	0	0	1	0
"2018"	20180331	"National Women's Soccer League"	"Portland Thorns FC"	"VT"	990	3	0	1	1	1	0
"2018"	20180331	"National Women's Soccer League"	"Washington Spirit"	"HT"	990	2	1	0	0	1	0
"2018"	20180331	"National Women's Soccer League"	"Orlando Pride"	"VT"	990	0	0	0	0	0	0
"2018"	20180414	"National Women's Soccer League"	"Utah Royals FC"	"HT"	990	0	0	0	0	0	0
"2018"	20180414	"National Women's Soccer League"	"Chicago Red Stars"	"VT"	990	1	0	0	0	0	0
"2018"	20180414	"National Women's Soccer League"	"Washington Spirit"	"HT"	990	2	1	0	0	1	0
"2018"	20180414	"National Women's Soccer League"	"North Carolina Courage"	"VT"	990	4	4	0	0	0	0
"2018"	20180415	"National Women's Soccer League"	"Portland Thorns FC"	"HT"	990	2	2	0	0	0	0
"2018"	20180415	"National Women's Soccer League"	"Orlando Pride"	"VT"	990	1	1	0	0	1	0
"2018"	20180415	"National Women's Soccer League"	"Sky Blue FC"	"HT"	990	0	0	0	0	1	0
"2018"	20180415	"National Women's Soccer League"	"Seattle Reign FC"	"VT"	990	1	0	1	2	1	0
"2018"	20180418	"National Women's Soccer League"	"Chicago Red Stars"	"HT"	990	2	1	0	0	2	0
"2018"	20180418	"National Women's Soccer League"	"Houston Dash"	"VT"	990	0	0	0	0	2	0
"2018"	20180418	"National Women's Soccer League"	"North Carolina Courage"	"HT"	990	1	1	0	0	1	0
"2018"	20180418	"National Women's Soccer League"	"Seattle Reign FC"	"VT"	990	0	0	0	0	0	0
"2018"	20180420	"National Women's Soccer League"	"Portland Thorns FC"	"HT"	990	1	0	1	2	2	0
"2018"	20180420	"National Women's Soccer League"	"Washington Spirit"	"VT"	990	1	0	0	0	1	0
"2018"	20180421	"National Women's Soccer League"	"North Carolina Courage"	"HT"	990	2	0	0	0	2	0
"2018"	20180421	"National Women's Soccer League"	"Utah Royals FC"	"VT"	990	2	0	0	0	1	0
"2018"	20180421	"National Women's Soccer League"	"Chicago Red Stars"	"HT"	990	1	1	0	0	0	0
"2018"	20180421	"National Women's Soccer League"	"Sky Blue FC"	"VT"	990	1	1	0	0	0	0
"2018"	20180422	"National Women's Soccer League"	"Orlando Pride"	"HT"	990	1	1	0	0	0	0
"2018"	20180422	"National Women's Soccer League"	"Houston Dash"	"VT"	990	0	0	0	0	0	0
"2018"	20180428	"National Women's Soccer League"	"Utah Royals FC"	"HT"	990	1	0	0	0	2	0
"2018"	20180428	"National Women's Soccer League"	"Portland Thorns FC"	"VT"	990	1	1	0	0	1	0
"2018"	20180428	"National Women's Soccer League"	"Houston Dash"	"HT"	990	0	0	0	0	0	0
"2018"	20180428	"National Women's Soccer League"	"North Carolina Courage"	"VT"	990	2	2	0	0	1	0
"2018"	20180428	"National Women's Soccer League"	"Washington Spirit"	"HT"	990	1	1	0	0	0	0
"2018"	20180428	"National Women's Soccer League"	"Chicago Red Stars"	"VT"	990	1	0	0	0	3	0
"2018"	20180428	"National Women's Soccer League"	"Orlando Pride"	"HT"	990	1	0	0	0	0	0
"2018"	20180428	"National Women's Soccer League"	"Seattle Reign FC"	"VT"	990	1	1	0	0	1	0
"2018"	20180502	"National Women's Soccer League"	"Chicago Red Stars"	"HT"	990	0	0	0	0	1	0
"2018"	20180502	"National Women's Soccer League"	"Orlando Pride"	"VT"	990	2	2	0	0	0	0
"2018"	20180505	"National Women's Soccer League"	"Portland Thorns FC"	"HT"	990	2	1	0	0	0	0
"2018"	20180505	"National Women's Soccer League"	"Seattle Reign FC"	"VT"	990	3	2	1	1	2	0
"2018"	20180505	"National Women's Soccer League"	"Utah Royals FC"	"HT"	990	2	1	0	0	1	0
"2018"	20180505	"National Women's Soccer League"	"Washington Spirit"	"VT"	990	0	0	0	0	1	0
"2018"	20180505	"National Women's Soccer League"	"Sky Blue FC"	"HT"	990	2	2	0	0	1	0
"2018"	20180505	"National Women's Soccer League"	"Houston Dash"	"VT"	990	3	3	0	0	1	0
"2018"	20180506	"National Women's Soccer League"	"North Carolina Courage"	"HT"	990	1	1	0	0	2	0
"2018"	20180506	"National Women's Soccer League"	"Chicago Red Stars"	"VT"	990	1	0	0	0	2	0
"2018"	20180509	"National Women's Soccer League"	"Utah Royals FC"	"HT"	990	0	0	0	0	1	0
"2018"	20180509	"National Women's Soccer League"	"Orlando Pride"	"VT"	990	0	0	0	0	0	0
"2018"	20180509	"National Women's Soccer League"	"Houston Dash"	"HT"	990	1	1	0	0	1	0
"2018"	20180509	"National Women's Soccer League"	"Portland Thorns FC"	"VT"	990	1	1	0	0	0	0
"2018"	20180512	"National Women's Soccer League"	"Chicago Red Stars"	"HT"	990	2	1	1	1	2	0
"2018"	20180512	"National Women's Soccer League"	"Houston Dash"	"VT"	990	2	2	0	0	1	0
"2018"	20180512	"National Women's Soccer League"	"Portland Thorns FC"	"HT"	990	1	1	0	0	2	0
"2018"	20180512	"National Women's Soccer League"	"Orlando Pride"	"VT"	990	2	0	0	0	2	0
"2018"	20180512	"National Women's Soccer League"	"North Carolina Courage"	"HT"	990	1	1	0	0	0	0
"2018"	20180512	"National Women's Soccer League"	"Washington Spirit"	"VT"	990	0	0	0	0	1	0
"2018"	20180512	"National Women's Soccer League"	"Seattle Reign FC"	"HT"	990	4	2	0	0	1	0
"2018"	20180512	"National Women's Soccer League"	"Sky Blue FC"	"VT"	990	1	1	0	0	1	0
"2018"	20180519	"National Women's Soccer League"	"Washington Spirit"	"HT"	990	0	0	0	0	0	0
"2018"	20180519	"National Women's Soccer League"	"Portland Thorns FC"	"VT"	990	1	1	0	0	1	0
"2018"	20180519	"National Women's Soccer League"	"Utah Royals FC"	"HT"	990	1	1	0	1	2	0
"2018"	20180519	"National Women's Soccer League"	"Houston Dash"	"VT"	990	0	0	0	0	1	0
"2018"	20180519	"National Women's Soccer League"	"Seattle Reign FC"	"HT"	990	0	0	0	0	1	0
"2018"	20180519	"National Women's Soccer League"	"Chicago Red Stars"	"VT"	990	0	0	0	0	3	0
"2018"	20180519	"National Women's Soccer League"	"Sky Blue FC"	"HT"	990	1	1	0	1	2	0
"2018"	20180519	"National Women's Soccer League"	"North Carolina Courage"	"VT"	990	2	1	0	0	1	0
"2018"	20180523	"National Women's Soccer League"	"Orlando Pride"	"HT"	990	3	3	0	0	1	0
"2018"	20180523	"National Women's Soccer League"	"North Carolina Courage"	"VT"	990	4	3	0	0	1	0
"2018"	20180523	"National Women's Soccer League"	"Houston Dash"	"HT"	990	2	1	0	0	0	0
"2018"	20180523	"National Women's Soccer League"	"Seattle Reign FC"	"VT"	990	1	1	0	0	1	0
"2018"	20180523	"National Women's Soccer League"	"Washington Spirit"	"HT"	990	1	1	0	0	1	0
"2018"	20180523	"National Women's Soccer League"	"Sky Blue FC"	"VT"	990	0	0	0	0	0	0
"2018"	20180525	"National Women's Soccer League"	"Portland Thorns FC"	"HT"	990	2	2	0	0	1	0
"2018"	20180525	"National Women's Soccer League"	"Utah Royals FC"	"VT"	990	0	0	0	0	2	0
"2018"	20180526	"National Women's Soccer League"	"Sky Blue FC"	"HT"	990	0	0	0	0	0	0
"2018"	20180526	"National Women's Soccer League"	"Seattle Reign FC"	"VT"	990	1	1	0	0	0	0
"2018"	20180526	"National Women's Soccer League"	"Chicago Red Stars"	"HT"	990	2	2	0	0	1	0
"2018"	20180526	"National Women's Soccer League"	"Orlando Pride"	"VT"	990	5	3	0	0	0	0
"2018"	20180527	"National Women's Soccer League"	"Houston Dash"	"HT"	990	3	2	0	0	1	0
"2018"	20180527	"National Women's Soccer League"	"Washington Spirit"	"VT"	990	2	1	0	1	2	0
"2018"	20180530	"National Women's Soccer League"	"Portland Thorns FC"	"HT"	990	1	0	0	0	1	0
"2018"	20180530	"National Women's Soccer League"	"North Carolina Courage"	"VT"	990	4	3	1	1	2	0
"2018"	20180602	"National Women's Soccer League"	"Sky Blue FC"	"HT"	990	1	1	0	0	1	0
"2018"	20180602	"National Women's Soccer League"	"Utah Royals FC"	"VT"	990	1	1	0	0	0	0
"2018"	20180602	"National Women's Soccer League"	"Washington Spirit"	"HT"	990	0	0	0	0	1	0
"2018"	20180602	"National Women's Soccer League"	"Chicago Red Stars"	"VT"	990	2	1	0	0	2	0
"2018"	20180603	"National Women's Soccer League"	"Seattle Reign FC"	"HT"	990	0	0	0	0	1	0
"2018"	20180603	"National Women's Soccer League"	"Orlando Pride"	"VT"	990	0	0	0	0	1	0
"2018"	20180603	"National Women's Soccer League"	"Houston Dash"	"HT"	990	1	1	0	0	2	0
"2018"	20180603	"National Women's Soccer League"	"North Carolina Courage"	"VT"	990	1	0	0	0	1	0
"2018"	20180608	"National Women's Soccer League"	"Sky Blue FC"	"HT"	990	0	0	0	0	2	0
"2018"	20180608	"National Women's Soccer League"	"Washington Spirit"	"VT"	990	0	0	0	1	2	0
"2018"	20180616	"National Women's Soccer League"	"Washington Spirit"	"HT"	990	0	0	0	0	2	0
"2018"	20180616	"National Women's Soccer League"	"Seattle Reign FC"	"VT"	990	0	0	0	1	2	0
"2018"	20180616	"National Women's Soccer League"	"Chicago Red Stars"	"HT"	990	1	0	0	1	1	0
"2018"	20180616	"National Women's Soccer League"	"Portland Thorns FC"	"VT"	990	1	0	0	0	3	0
"2018"	20180616	"National Women's Soccer League"	"Orlando Pride"	"HT"	990	3	3	0	0	1	0
"2018"	20180616	"National Women's Soccer League"	"Sky Blue FC"	"VT"	990	2	0	0	0	2	0
"2018"	20180616	"National Women's Soccer League"	"North Carolina Courage"	"HT"	990	0	0	0	0	0	0
"2018"	20180616	"National Women's Soccer League"	"Utah Royals FC"	"VT"	990	1	0	0	0	1	0
"2018"	20180622	"National Women's Soccer League"	"Houston Dash"	"HT"	990	1	0	0	0	1	0
"2018"	20180622	"National Women's Soccer League"	"Portland Thorns FC"	"VT"	990	3	2	0	0	0	0
"2018"	20180623	"National Women's Soccer League"	"Seattle Reign FC"	"HT"	990	1	0	0	0	0	0
"2018"	20180623	"National Women's Soccer League"	"North Carolina Courage"	"VT"	990	4	3	0	1	0	0
"2018"	20180623	"National Women's Soccer League"	"Washington Spirit"	"HT"	990	0	0	0	0	2	0
"2018"	20180623	"National Women's Soccer League"	"Orlando Pride"	"VT"	990	1	0	0	0	0	0
"2018"	20180623	"National Women's Soccer League"	"Chicago Red Stars"	"HT"	990	2	2	0	0	1	0
"2018"	20180623	"National Women's Soccer League"	"Utah Royals FC"	"VT"	990	0	0	0	0	0	0
"2018"	20180627	"National Women's Soccer League"	"Orlando Pride"	"HT"	990	1	1	0	1	4	0
"2018"	20180627	"National Women's Soccer League"	"Houston Dash"	"VT"	990	2	1	1	1	1	0
"2018"	20180627	"National Women's Soccer League"	"Utah Royals FC"	"HT"	990	0	0	0	0	0	0
"2018"	20180627	"National Women's Soccer League"	"Seattle Reign FC"	"VT"	990	0	0	0	0	1	0
"2018"	20180627	"National Women's Soccer League"	"Portland Thorns FC"	"HT"	990	1	1	0	0	1	0
"2018"	20180627	"National Women's Soccer League"	"Sky Blue FC"	"VT"	990	1	0	1	1	2	0
"2018"	20180630	"National Women's Soccer League"	"Seattle Reign FC"	"HT"	990	1	1	0	0	1	0
"2018"	20180630	"National Women's Soccer League"	"Portland Thorns FC"	"VT"	990	0	0	0	0	1	0
"2018"	20180630	"National Women's Soccer League"	"Orlando Pride"	"HT"	990	0	0	0	0	0	0
"2018"	20180630	"National Women's Soccer League"	"North Carolina Courage"	"VT"	990	3	2	0	0	0	0
"2018"	20180630	"National Women's Soccer League"	"Utah Royals FC"	"HT"	990	3	2	0	0	2	0
"2018"	20180630	"National Women's Soccer League"	"Sky Blue FC"	"VT"	990	1	1	0	0	1	0
"2018"	20180701	"National Women's Soccer League"	"Chicago Red Stars"	"HT"	990	2	2	0	0	1	0
"2018"	20180701	"National Women's Soccer League"	"Washington Spirit"	"VT"	990	0	0	0	0	2	0
"2018"	20180704	"National Women's Soccer League"	"North Carolina Courage"	"HT"	990	4	4	0	0	0	0
"2018"	20180704	"National Women's Soccer League"	"Chicago Red Stars"	"VT"	990	1	0	1	1	1	0
"2018"	20180706	"National Women's Soccer League"	"Portland Thorns FC"	"HT"	990	4	3	0	0	0	0
"2018"	20180706	"National Women's Soccer League"	"Utah Royals FC"	"VT"	990	0	0	0	0	2	0
"2018"	20180707	"National Women's Soccer League"	"Seattle Reign FC"	"HT"	990	3	2	1	1	1	0
"2018"	20180707	"National Women's Soccer League"	"Houston Dash"	"VT"	990	1	1	0	0	1	0
"2018"	20180707	"National Women's Soccer League"	"Sky Blue FC"	"HT"	990	1	1	0	0	0	0
"2018"	20180707	"National Women's Soccer League"	"Chicago Red Stars"	"VT"	990	3	3	0	0	0	0
"2018"	20180707	"National Women's Soccer League"	"Orlando Pride"	"HT"	990	2	2	0	0	1	0
"2018"	20180707	"National Women's Soccer League"	"Washington Spirit"	"VT"	990	1	1	0	0	0	0
"2018"	20180711	"National Women's Soccer League"	"Houston Dash"	"HT"	990	3	2	0	0	1	0
"2018"	20180711	"National Women's Soccer League"	"Orlando Pride"	"VT"	989	1	1	0	0	2	1
"2018"	20180711	"National Women's Soccer League"	"Seattle Reign FC"	"HT"	990	1	1	0	0	1	0
"2018"	20180711	"National Women's Soccer League"	"Utah Royals FC"	"VT"	990	0	0	0	0	3	0
"2018"	20180711	"National Women's Soccer League"	"North Carolina Courage"	"HT"	990	2	1	0	0	1	0
"2018"	20180711	"National Women's Soccer League"	"Washington Spirit"	"VT"	990	0	0	0	0	0	0
"2018"	20180714	"National Women's Soccer League"	"Chicago Red Stars"	"HT"	990	1	1	0	0	0	0
"2018"	20180714	"National Women's Soccer League"	"Seattle Reign FC"	"VT"	990	0	0	0	0	1	0
"2018"	20180714	"National Women's Soccer League"	"Utah Royals FC"	"HT"	990	1	1	0	0	0	0
"2018"	20180714	"National Women's Soccer League"	"Orlando Pride"	"VT"	990	2	1	1	1	4	0
"2018"	20180714	"National Women's Soccer League"	"Sky Blue FC"	"HT"	990	0	0	0	0	1	0
"2018"	20180714	"National Women's Soccer League"	"North Carolina Courage"	"VT"	990	4	3	0	0	0	0
"2018"	20180715	"National Women's Soccer League"	"Portland Thorns FC"	"HT"	990	3	2	0	0	0	0
"2018"	20180715	"National Women's Soccer League"	"Houston Dash"	"VT"	990	1	0	0	0	0	0
"2018"	20180720	"National Women's Soccer League"	"Utah Royals FC"	"HT"	990	0	0	0	0	0	0
"2018"	20180720	"National Women's Soccer League"	"North Carolina Courage"	"VT"	990	0	0	0	0	0	0
"2018"	20180721	"National Women's Soccer League"	"Orlando Pride"	"HT"	990	1	0	0	0	0	0
"2018"	20180721	"National Women's Soccer League"	"Seattle Reign FC"	"VT"	990	1	1	0	0	1	0
"2018"	20180721	"National Women's Soccer League"	"Sky Blue FC"	"HT"	990	1	1	0	0	0	0
"2018"	20180721	"National Women's Soccer League"	"Portland Thorns FC"	"VT"	990	2	1	0	0	1	0
"2018"	20180722	"National Women's Soccer League"	"Washington Spirit"	"HT"	990	0	0	0	0	0	0
"2018"	20180722	"National Women's Soccer League"	"Houston Dash"	"VT"	990	1	1	0	0	0	0
"2018"	20180805	"National Women's Soccer League"	"Houston Dash"	"HT"	990	1	1	0	0	1	0
"2018"	20180805	"National Women's Soccer League"	"Utah Royals FC"	"VT"	990	2	1	0	0	0	0
"2018"	20180805	"National Women's Soccer League"	"North Carolina Courage"	"HT"	990	2	1	0	0	0	0
"2018"	20180805	"National Women's Soccer League"	"Portland Thorns FC"	"VT"	990	1	1	0	0	2	0
"2018"	20180805	"National Women's Soccer League"	"Orlando Pride"	"HT"	990	2	0	0	1	3	0
"2018"	20180805	"National Women's Soccer League"	"Sky Blue FC"	"VT"	989	2	2	0	0	0	1
"2018"	20180805	"National Women's Soccer League"	"Seattle Reign FC"	"HT"	990	2	2	0	0	1	0
"2018"	20180805	"National Women's Soccer League"	"Washington Spirit"	"VT"	990	0	0	0	0	0	0
"2018"	20180808	"National Women's Soccer League"	"Utah Royals FC"	"HT"	990	1	1	0	0	0	0
"2018"	20180808	"National Women's Soccer League"	"Washington Spirit"	"VT"	990	0	0	0	0	0	0
"2018"	20180810	"National Women's Soccer League"	"Chicago Red Stars"	"HT"	990	1	1	0	0	1	0
"2018"	20180810	"National Women's Soccer League"	"North Carolina Courage"	"VT"	990	1	1	0	0	1	0
"2018"	20180811	"National Women's Soccer League"	"Utah Royals FC"	"HT"	990	0	0	0	0	1	0
"2018"	20180811	"National Women's Soccer League"	"Seattle Reign FC"	"VT"	990	1	1	0	0	1	0
"2018"	20180811	"National Women's Soccer League"	"Orlando Pride"	"HT"	990	0	0	0	0	1	0
"2018"	20180811	"National Women's Soccer League"	"Portland Thorns FC"	"VT"	990	2	2	0	0	1	0
"2018"	20180811	"National Women's Soccer League"	"Sky Blue FC"	"HT"	990	1	0	0	0	0	0
"2018"	20180811	"National Women's Soccer League"	"Houston Dash"	"VT"	990	2	1	1	1	0	0
"2018"	20180815	"National Women's Soccer League"	"Seattle Reign FC"	"HT"	990	0	0	0	0	1	0
"2018"	20180815	"National Women's Soccer League"	"Chicago Red Stars"	"VT"	990	0	0	0	0	3	0
"2018"	20180817	"National Women's Soccer League"	"Houston Dash"	"HT"	990	4	4	0	0	0	0
"2018"	20180817	"National Women's Soccer League"	"Washington Spirit"	"VT"	990	0	0	0	0	0	0
"2018"	20180818	"National Women's Soccer League"	"Sky Blue FC"	"HT"	990	2	1	0	0	3	0
"2018"	20180818	"National Women's Soccer League"	"Utah Royals FC"	"VT"	990	1	1	0	0	0	0
"2018"	20180818	"National Women's Soccer League"	"Portland Thorns FC"	"HT"	990	2	1	0	0	1	0
"2018"	20180818	"National Women's Soccer League"	"Chicago Red Stars"	"VT"	990	2	2	0	0	1	0
"2018"	20180819	"National Women's Soccer League"	"North Carolina Courage"	"HT"	990	2	2	0	0	1	0
"2018"	20180819	"National Women's Soccer League"	"Orlando Pride"	"VT"	990	0	0	0	0	1	0
"2018"	20180821	"National Women's Soccer League"	"Seattle Reign FC"	"HT"	990	2	2	0	0	1	0
"2018"	20180821	"National Women's Soccer League"	"Houston Dash"	"VT"	990	0	0	0	0	1	0
"2018"	20180822	"National Women's Soccer League"	"Portland Thorns FC"	"HT"	990	2	0	1	1	0	0
"2018"	20180822	"National Women's Soccer League"	"Sky Blue FC"	"VT"	990	1	0	0	0	4	0
"2018"	20180822	"National Women's Soccer League"	"Washington Spirit"	"HT"	990	0	0	0	0	0	0
"2018"	20180822	"National Women's Soccer League"	"Utah Royals FC"	"VT"	990	1	0	0	0	1	0
"2018"	20180825	"National Women's Soccer League"	"Orlando Pride"	"HT"	989	1	1	0	0	3	0
"2018"	20180825	"National Women's Soccer League"	"Chicago Red Stars"	"VT"	990	3	2	0	0	0	0
"2018"	20180825	"National Women's Soccer League"	"Seattle Reign FC"	"HT"	990	1	1	0	0	1	0
"2018"	20180825	"National Women's Soccer League"	"North Carolina Courage"	"VT"	990	1	0	0	0	3	0
"2018"	20180825	"National Women's Soccer League"	"Washington Spirit"	"HT"	990	0	0	0	0	1	0
"2018"	20180825	"National Women's Soccer League"	"Portland Thorns FC"	"VT"	990	1	1	0	0	0	0
"2018"	20180825	"National Women's Soccer League"	"Houston Dash"	"HT"	990	6	4	1	1	0	0
"2018"	20180825	"National Women's Soccer League"	"Sky Blue FC"	"VT"	990	1	0	0	0	0	0
"2018"	20180902	"National Women's Soccer League"	"Washington Spirit"	"HT"	990	1	0	0	0	0	0
"2018"	20180902	"National Women's Soccer League"	"Sky Blue FC"	"VT"	990	1	1	0	1	1	0
"2018"	20180904	"National Women's Soccer League"	"Chicago Red Stars"	"HT"	990	5	5	0	0	0	0
"2018"	20180904	"National Women's Soccer League"	"Sky Blue FC"	"VT"	990	0	0	0	0	0	0
"2018"	20180907	"National Women's Soccer League"	"Portland Thorns FC"	"HT"	990	3	1	0	0	1	0
"2018"	20180907	"National Women's Soccer League"	"Seattle Reign FC"	"VT"	990	1	1	0	0	2	0
"2018"	20180908	"National Women's Soccer League"	"North Carolina Courage"	"HT"	990	5	3	0	0	0	0
"2018"	20180908	"National Women's Soccer League"	"Houston Dash"	"VT"	990	0	0	0	0	0	0
"2018"	20180908	"National Women's Soccer League"	"Sky Blue FC"	"HT"	990	1	1	0	0	1	0
"2018"	20180908	"National Women's Soccer League"	"Orlando Pride"	"VT"	990	0	0	0	0	0	0
"2018"	20180908	"National Women's Soccer League"	"Utah Royals FC"	"HT"	990	2	2	0	0	0	0
"2018"	20180908	"National Women's Soccer League"	"Chicago Red Stars"	"VT"	990	1	1	0	0	2	0
"2018"	20180915	"National Women's Soccer League"	"Portland Thorns FC"	"HT"	990	2	2	0	0	2	0
"2018"	20180915	"National Women's Soccer League"	"Seattle Reign FC"	"VT"	990	1	0	0	0	3	0
"2018"	20180918	"National Women's Soccer League"	"North Carolina Courage"	"HT"	990	2	0	0	0	1	0
"2018"	20180918	"National Women's Soccer League"	"Chicago Red Stars"	"VT"	990	0	0	0	0	0	0
"2018"	20180922	"National Women's Soccer League"	"Portland Thorns FC"	"HT"	990	0	0	0	0	0	0
"2018"	20180922	"National Women's Soccer League"	"North Carolina Courage"	"VT"	990	3	2	0	0	2	0
"2019"	20190413	"National Women's Soccer League"	"North Carolina Courage"	"HT"	990	1	1	0	0	0	0
"2019"	20190413	"National Women's Soccer League"	"Chicago Red Stars"	"VT"	990	1	1	0	0	1	0
"2019"	20190413	"National Women's Soccer League"	"Washington Spirit"	"HT"	990	2	1	0	0	0	0
"2019"	20190413	"National Women's Soccer League"	"Sky Blue FC"	"VT"	990	0	0	0	0	0	0
"2019"	20190414	"National Women's Soccer League"	"Orlando Pride"	"HT"	990	0	0	0	0	1	0
"2019"	20190414	"National Women's Soccer League"	"Portland Thorns FC"	"VT"	990	2	2	0	0	0	0
"2019"	20190414	"National Women's Soccer League"	"Houston Dash"	"HT"	990	1	0	0	0	2	0
"2019"	20190414	"National Women's Soccer League"	"Reign FC"	"VT"	990	1	1	0	1	1	0
"2019"	20190417	"National Women's Soccer League"	"North Carolina Courage"	"HT"	990	5	3	0	0	2	0
"2019"	20190417	"National Women's Soccer League"	"Orlando Pride"	"VT"	990	0	0	0	0	1	0
"2019"	20190420	"National Women's Soccer League"	"Chicago Red Stars"	"HT"	990	4	1	1	1	0	0
"2019"	20190420	"National Women's Soccer League"	"Portland Thorns FC"	"VT"	990	4	3	1	1	0	0
"2019"	20190420	"National Women's Soccer League"	"Sky Blue FC"	"HT"	990	0	0	0	1	1	0
"2019"	20190420	"National Women's Soccer League"	"Houston Dash"	"VT"	990	1	0	0	0	1	0
"2019"	20190420	"National Women's Soccer League"	"Utah Royals FC"	"HT"	990	1	1	0	0	0	0
"2019"	20190420	"National Women's Soccer League"	"Washington Spirit"	"VT"	990	0	0	0	0	1	0
"2019"	20190421	"National Women's Soccer League"	"Reign FC"	"HT"	990	1	1	0	0	1	0
"2019"	20190421	"National Women's Soccer League"	"Orlando Pride"	"VT"	990	1	0	0	0	2	0
"2019"	20190427	"National Women's Soccer League"	"Orlando Pride"	"HT"	990	0	0	0	0	2	0
"2019"	20190427	"National Women's Soccer League"	"Utah Royals FC"	"VT"	990	1	1	0	0	1	0
"2019"	20190428	"National Women's Soccer League"	"Sky Blue FC"	"HT"	990	2	1	0	0	1	0
"2019"	20190428	"National Women's Soccer League"	"Portland Thorns FC"	"VT"	990	2	1	0	0	0	0
"2019"	20190428	"National Women's Soccer League"	"Houston Dash"	"HT"	990	1	1	0	0	1	0
"2019"	20190428	"National Women's Soccer League"	"North Carolina Courage"	"VT"	990	4	2	0	1	0	0
"2019"	20190428	"National Women's Soccer League"	"Chicago Red Stars"	"HT"	990	3	2	0	0	1	0
"2019"	20190428	"National Women's Soccer League"	"Reign FC"	"VT"	990	0	0	0	0	0	0
"2019"	20190503	"National Women's Soccer League"	"Utah Royals FC"	"HT"	990	1	1	0	0	1	0
"2019"	20190503	"National Women's Soccer League"	"Chicago Red Stars"	"VT"	941	0	0	0	0	2	1
"2019"	20190504	"National Women's Soccer League"	"North Carolina Courage"	"HT"	990	0	0	0	0	1	0
"2019"	20190504	"National Women's Soccer League"	"Sky Blue FC"	"VT"	990	0	0	0	0	1	0
"2019"	20190504	"National Women's Soccer League"	"Washington Spirit"	"HT"	990	0	0	0	0	1	0
"2019"	20190504	"National Women's Soccer League"	"Reign FC"	"VT"	990	0	0	0	0	1	0
"2019"	20190505	"National Women's Soccer League"	"Houston Dash"	"HT"	990	1	1	0	0	0	0
"2019"	20190505	"National Women's Soccer League"	"Orlando Pride"	"VT"	990	0	0	0	0	1	0
"2019"	20190511	"National Women's Soccer League"	"Sky Blue FC"	"HT"	990	2	2	0	0	0	0
"2019"	20190511	"National Women's Soccer League"	"Washington Spirit"	"VT"	990	3	2	0	0	2	0
"2019"	20190511	"National Women's Soccer League"	"Orlando Pride"	"HT"	990	1	1	0	0	2	0
"2019"	20190511	"National Women's Soccer League"	"Portland Thorns FC"	"VT"	990	3	0	0	1	1	0
"2019"	20190511	"National Women's Soccer League"	"Utah Royals FC"	"HT"	990	1	1	0	0	2	0
"2019"	20190511	"National Women's Soccer League"	"Houston Dash"	"VT"	989	2	1	0	0	2	1
"2019"	20190512	"National Women's Soccer League"	"Chicago Red Stars"	"HT"	990	3	2	0	0	1	0
"2019"	20190512	"National Women's Soccer League"	"North Carolina Courage"	"VT"	990	1	1	0	0	1	0
"2019"	20190518	"National Women's Soccer League"	"Reign FC"	"HT"	989	1	0	0	0	1	1
"2019"	20190518	"National Women's Soccer League"	"Sky Blue FC"	"VT"	990	1	1	0	0	1	0
"2019"	20190518	"National Women's Soccer League"	"Washington Spirit"	"HT"	990	2	1	0	0	3	0
"2019"	20190518	"National Women's Soccer League"	"Portland Thorns FC"	"VT"	990	1	1	0	0	0	0
"2019"	20190519	"National Women's Soccer League"	"North Carolina Courage"	"HT"	990	1	1	0	0	0	0
"2019"	20190519	"National Women's Soccer League"	"Utah Royals FC"	"VT"	990	1	1	0	0	1	0
"2019"	20190519	"National Women's Soccer League"	"Houston Dash"	"HT"	990	1	0	0	0	1	0
"2019"	20190519	"National Women's Soccer League"	"Chicago Red Stars"	"VT"	990	2	2	0	0	1	0
"2019"	20190525	"National Women's Soccer League"	"Sky Blue FC"	"HT"	990	0	0	0	0	0	0
"2019"	20190525	"National Women's Soccer League"	"Portland Thorns FC"	"VT"	990	1	0	0	0	1	0
"2019"	20190525	"National Women's Soccer League"	"Utah Royals FC"	"HT"	990	2	0	1	1	0	0
"2019"	20190525	"National Women's Soccer League"	"Orlando Pride"	"VT"	990	0	0	0	0	2	0
"2019"	20190526	"National Women's Soccer League"	"Chicago Red Stars"	"HT"	990	0	0	0	0	1	0
"2019"	20190526	"National Women's Soccer League"	"Washington Spirit"	"VT"	990	1	1	0	0	1	0
"2019"	20190527	"National Women's Soccer League"	"Reign FC"	"HT"	990	2	1	0	0	1	0
"2019"	20190527	"National Women's Soccer League"	"North Carolina Courage"	"VT"	990	1	1	0	0	0	0
"2019"	20190601	"National Women's Soccer League"	"Orlando Pride"	"HT"	990	0	0	0	0	1	0
"2019"	20190601	"National Women's Soccer League"	"North Carolina Courage"	"VT"	990	3	2	0	0	1	0
"2019"	20190601	"National Women's Soccer League"	"Washington Spirit"	"HT"	990	2	1	0	0	0	0
"2019"	20190601	"National Women's Soccer League"	"Utah Royals FC"	"VT"	990	0	0	0	0	0	0
"2019"	20190602	"National Women's Soccer League"	"Portland Thorns FC"	"HT"	990	3	3	0	0	1	0
"2019"	20190602	"National Women's Soccer League"	"Chicago Red Stars"	"VT"	990	0	0	0	0	2	0
"2019"	20190602	"National Women's Soccer League"	"Reign FC"	"HT"	990	1	0	0	0	1	0
"2019"	20190602	"National Women's Soccer League"	"Houston Dash"	"VT"	990	1	0	0	1	1	0
"2019"	20190615	"National Women's Soccer League"	"Utah Royals FC"	"HT"	990	1	1	0	0	1	0
"2019"	20190615	"National Women's Soccer League"	"Sky Blue FC"	"VT"	990	0	0	0	0	1	0
"2019"	20190615	"National Women's Soccer League"	"North Carolina Courage"	"HT"	990	1	1	0	0	1	0
"2019"	20190615	"National Women's Soccer League"	"Portland Thorns FC"	"VT"	990	1	1	0	0	1	0
"2019"	20190615	"National Women's Soccer League"	"Reign FC"	"HT"	990	1	0	0	0	0	0
"2019"	20190615	"National Women's Soccer League"	"Washington Spirit"	"VT"	990	1	1	0	0	1	0
"2019"	20190615	"National Women's Soccer League"	"Houston Dash"	"HT"	990	2	1	0	0	1	0
"2019"	20190615	"National Women's Soccer League"	"Orlando Pride"	"VT"	990	2	1	0	0	3	0
"2019"	20190621	"National Women's Soccer League"	"Portland Thorns FC"	"HT"	990	0	0	0	0	1	0
"2019"	20190621	"National Women's Soccer League"	"Utah Royals FC"	"VT"	990	0	0	0	0	1	0
"2019"	20190622	"National Women's Soccer League"	"Washington Spirit"	"HT"	990	0	0	0	0	0	0
"2019"	20190622	"National Women's Soccer League"	"Houston Dash"	"VT"	990	0	0	0	0	2	0
"2019"	20190622	"National Women's Soccer League"	"Sky Blue FC"	"HT"	990	1	0	1	1	1	0
"2019"	20190622	"National Women's Soccer League"	"Orlando Pride"	"VT"	990	1	0	1	1	0	0
"2019"	20190623	"National Women's Soccer League"	"Chicago Red Stars"	"HT"	990	0	0	0	0	1	0
"2019"	20190623	"National Women's Soccer League"	"Reign FC"	"VT"	990	1	0	0	0	1	0
"2019"	20190628	"National Women's Soccer League"	"Utah Royals FC"	"HT"	990	0	0	0	0	1	0
"2019"	20190628	"National Women's Soccer League"	"Reign FC"	"VT"	990	2	2	0	0	1	0
"2019"	20190629	"National Women's Soccer League"	"Washington Spirit"	"HT"	990	1	1	0	0	1	0
"2019"	20190629	"National Women's Soccer League"	"North Carolina Courage"	"VT"	990	2	1	0	1	1	0
"2019"	20190629	"National Women's Soccer League"	"Houston Dash"	"HT"	990	1	1	0	0	1	0
"2019"	20190629	"National Women's Soccer League"	"Portland Thorns FC"	"VT"	990	2	2	0	0	1	0
"2019"	20190630	"National Women's Soccer League"	"Orlando Pride"	"HT"	990	2	0	1	1	1	0
"2019"	20190630	"National Women's Soccer League"	"Chicago Red Stars"	"VT"	990	3	2	0	0	1	0
"2019"	20190705	"National Women's Soccer League"	"North Carolina Courage"	"HT"	990	5	5	0	0	0	0
"2019"	20190705	"National Women's Soccer League"	"Houston Dash"	"VT"	990	2	2	0	0	2	0
"2019"	20190705	"National Women's Soccer League"	"Portland Thorns FC"	"HT"	990	0	0	0	0	1	0
"2019"	20190705	"National Women's Soccer League"	"Reign FC"	"VT"	990	1	1	0	0	3	0
"2019"	20190706	"National Women's Soccer League"	"Orlando Pride"	"HT"	990	4	2	0	0	1	0
"2019"	20190706	"National Women's Soccer League"	"Washington Spirit"	"VT"	990	3	3	0	0	2	0
"2019"	20190706	"National Women's Soccer League"	"Chicago Red Stars"	"HT"	990	1	0	0	0	0	0
"2019"	20190706	"National Women's Soccer League"	"Sky Blue FC"	"VT"	990	2	1	0	0	1	0
"2019"	20190712	"National Women's Soccer League"	"Sky Blue FC"	"HT"	990	1	1	0	0	3	0
"2019"	20190712	"National Women's Soccer League"	"Utah Royals FC"	"VT"	990	0	0	0	0	0	0
"2019"	20190713	"National Women's Soccer League"	"Houston Dash"	"HT"	990	0	0	0	0	1	0
"2019"	20190713	"National Women's Soccer League"	"Chicago Red Stars"	"VT"	990	1	1	0	0	1	0
"2019"	20190713	"National Women's Soccer League"	"North Carolina Courage"	"HT"	990	2	2	0	0	1	0
"2019"	20190713	"National Women's Soccer League"	"Reign FC"	"VT"	990	0	0	0	0	1	0
"2019"	20190714	"National Women's Soccer League"	"Portland Thorns FC"	"HT"	990	4	2	0	0	1	0
"2019"	20190714	"National Women's Soccer League"	"Orlando Pride"	"VT"	990	2	0	0	0	3	0
"2019"	20190719	"National Women's Soccer League"	"Utah Royals FC"	"HT"	990	2	2	0	0	0	0
"2019"	20190719	"National Women's Soccer League"	"Portland Thorns FC"	"VT"	990	1	0	0	0	1	0
"2019"	20190720	"National Women's Soccer League"	"Washington Spirit"	"HT"	990	1	0	0	1	1	0
"2019"	20190720	"National Women's Soccer League"	"Houston Dash"	"VT"	990	2	2	0	0	2	0
"2019"	20190720	"National Women's Soccer League"	"Orlando Pride"	"HT"	990	1	1	0	0	2	0
"2019"	20190720	"National Women's Soccer League"	"Sky Blue FC"	"VT"	990	0	0	0	0	0	0
"2019"	20190721	"National Women's Soccer League"	"Chicago Red Stars"	"HT"	990	2	2	0	0	1	0
"2019"	20190721	"National Women's Soccer League"	"North Carolina Courage"	"VT"	990	1	1	0	0	1	0
"2019"	20190724	"National Women's Soccer League"	"Portland Thorns FC"	"HT"	990	4	1	1	1	0	0
"2019"	20190724	"National Women's Soccer League"	"Houston Dash"	"VT"	990	0	0	0	0	1	0
"2019"	20190724	"National Women's Soccer League"	"Sky Blue FC"	"HT"	990	0	0	0	0	1	0
"2019"	20190724	"National Women's Soccer League"	"Washington Spirit"	"VT"	990	1	0	0	0	1	0
"2019"	20190727	"National Women's Soccer League"	"Utah Royals FC"	"HT"	990	1	1	0	0	0	0
"2019"	20190727	"National Women's Soccer League"	"North Carolina Courage"	"VT"	990	2	2	0	0	0	0
"2019"	20190728	"National Women's Soccer League"	"Reign FC"	"HT"	990	0	0	0	0	1	0
"2019"	20190728	"National Women's Soccer League"	"Chicago Red Stars"	"VT"	990	4	3	0	0	1	0
"2019"	20190728	"National Women's Soccer League"	"Houston Dash"	"HT"	990	1	1	0	0	0	0
"2019"	20190728	"National Women's Soccer League"	"Sky Blue FC"	"VT"	990	0	0	0	0	1	0
"2019"	20190802	"National Women's Soccer League"	"North Carolina Courage"	"HT"	990	1	1	0	0	1	0
"2019"	20190802	"National Women's Soccer League"	"Washington Spirit"	"VT"	923	0	0	0	0	0	1
"2019"	20190802	"National Women's Soccer League"	"Houston Dash"	"HT"	990	0	0	0	0	1	0
"2019"	20190802	"National Women's Soccer League"	"Reign FC"	"VT"	990	1	0	0	0	2	0
"2019"	20190803	"National Women's Soccer League"	"Portland Thorns FC"	"HT"	990	1	0	1	1	0	0
"2019"	20190803	"National Women's Soccer League"	"Sky Blue FC"	"VT"	989	1	1	0	0	2	1
"2019"	20190803	"National Women's Soccer League"	"Chicago Red Stars"	"HT"	990	2	0	0	0	0	0
"2019"	20190803	"National Women's Soccer League"	"Utah Royals FC"	"VT"	990	0	0	0	0	1	0
"2019"	20190807	"National Women's Soccer League"	"Reign FC"	"HT"	990	1	0	0	0	2	0
"2019"	20190807	"National Women's Soccer League"	"Portland Thorns FC"	"VT"	990	0	0	0	0	0	0
"2019"	20190807	"National Women's Soccer League"	"Utah Royals FC"	"HT"	990	3	2	0	0	0	0
"2019"	20190807	"National Women's Soccer League"	"Sky Blue FC"	"VT"	990	0	0	0	0	2	0
"2019"	20190810	"National Women's Soccer League"	"Orlando Pride"	"HT"	954	0	0	0	0	2	2
"2019"	20190810	"National Women's Soccer League"	"Houston Dash"	"VT"	990	1	0	1	1	2	0
"2019"	20190810	"National Women's Soccer League"	"Washington Spirit"	"HT"	990	0	0	0	0	2	0
"2019"	20190810	"National Women's Soccer League"	"Chicago Red Stars"	"VT"	990	1	1	0	0	1	0
"2019"	20190811	"National Women's Soccer League"	"Reign FC"	"HT"	990	1	0	0	0	2	0
"2019"	20190811	"National Women's Soccer League"	"Utah Royals FC"	"VT"	990	3	0	0	0	1	0
"2019"	20190811	"National Women's Soccer League"	"Portland Thorns FC"	"HT"	990	0	0	0	0	1	0
"2019"	20190811	"National Women's Soccer League"	"North Carolina Courage"	"VT"	990	1	1	0	0	0	0
"2019"	20190814	"National Women's Soccer League"	"Sky Blue FC"	"HT"	990	2	2	0	0	1	0
"2019"	20190814	"National Women's Soccer League"	"Chicago Red Stars"	"VT"	990	1	1	0	0	2	0
"2019"	20190817	"National Women's Soccer League"	"Orlando Pride"	"HT"	990	0	0	0	0	1	0
"2019"	20190817	"National Women's Soccer League"	"Utah Royals FC"	"VT"	990	2	2	0	0	0	0
"2019"	20190817	"National Women's Soccer League"	"Portland Thorns FC"	"HT"	990	3	1	0	0	0	0
"2019"	20190817	"National Women's Soccer League"	"Washington Spirit"	"VT"	990	1	1	0	0	1	0
"2019"	20190818	"National Women's Soccer League"	"Sky Blue FC"	"HT"	990	1	1	0	0	0	0
"2019"	20190818	"National Women's Soccer League"	"Reign FC"	"VT"	990	1	1	0	0	1	0
"2019"	20190821	"National Women's Soccer League"	"Chicago Red Stars"	"HT"	990	1	0	0	0	0	0
"2019"	20190821	"National Women's Soccer League"	"Orlando Pride"	"VT"	989	2	2	0	0	1	1
"2019"	20190821	"National Women's Soccer League"	"Washington Spirit"	"HT"	990	0	0	0	0	1	0
"2019"	20190821	"National Women's Soccer League"	"Utah Royals FC"	"VT"	990	0	0	0	0	1	0
"2019"	20190824	"National Women's Soccer League"	"North Carolina Courage"	"HT"	990	1	1	0	0	0	0
"2019"	20190824	"National Women's Soccer League"	"Reign FC"	"VT"	990	0	0	0	0	0	0
"2019"	20190824	"National Women's Soccer League"	"Houston Dash"	"HT"	990	1	1	0	0	0	0
"2019"	20190824	"National Women's Soccer League"	"Sky Blue FC"	"VT"	990	2	2	0	0	4	0
"2019"	20190824	"National Women's Soccer League"	"Washington Spirit"	"HT"	990	2	1	0	0	2	0
"2019"	20190824	"National Women's Soccer League"	"Orlando Pride"	"VT"	990	1	1	0	0	1	0
"2019"	20190825	"National Women's Soccer League"	"Portland Thorns FC"	"HT"	990	3	1	0	0	1	0
"2019"	20190825	"National Women's Soccer League"	"Chicago Red Stars"	"VT"	990	0	0	0	0	2	0
"2019"	20190906	"National Women's Soccer League"	"Utah Royals FC"	"HT"	990	1	1	0	0	2	0
"2019"	20190906	"National Women's Soccer League"	"Portland Thorns FC"	"VT"	976	0	0	0	0	2	1
"2019"	20190907	"National Women's Soccer League"	"Reign FC"	"HT"	990	3	3	0	0	1	0
"2019"	20190907	"National Women's Soccer League"	"Orlando Pride"	"VT"	990	1	0	1	1	0	0
"2019"	20190907	"National Women's Soccer League"	"Sky Blue FC"	"HT"	990	1	0	1	1	1	0
"2019"	20190907	"National Women's Soccer League"	"North Carolina Courage"	"VT"	990	1	1	0	0	0	0
"2019"	20190908	"National Women's Soccer League"	"Chicago Red Stars"	"HT"	990	3	3	0	1	1	0
"2019"	20190908	"National Women's Soccer League"	"Houston Dash"	"VT"	990	0	0	0	0	1	0
"2019"	20190911	"National Women's Soccer League"	"Orlando Pride"	"HT"	990	0	0	0	0	1	0
"2019"	20190911	"National Women's Soccer League"	"Chicago Red Stars"	"VT"	963	1	1	0	0	2	1
"2019"	20190911	"National Women's Soccer League"	"Portland Thorns FC"	"HT"	990	0	0	0	0	2	0
"2019"	20190911	"National Women's Soccer League"	"North Carolina Courage"	"VT"	990	6	6	0	0	1	0
"2019"	20190913	"National Women's Soccer League"	"Houston Dash"	"HT"	990	2	2	0	0	1	0
"2019"	20190913	"National Women's Soccer League"	"Utah Royals FC"	"VT"	990	1	1	0	0	0	0
"2019"	20190914	"National Women's Soccer League"	"Washington Spirit"	"HT"	990	2	2	0	0	0	0
"2019"	20190914	"National Women's Soccer League"	"Reign FC"	"VT"	990	2	1	0	0	1	0
"2019"	20190914	"National Women's Soccer League"	"North Carolina Courage"	"HT"	990	5	5	0	1	0	0
"2019"	20190914	"National Women's Soccer League"	"Orlando Pride"	"VT"	990	1	1	0	0	3	0
"2019"	20190915	"National Women's Soccer League"	"Sky Blue FC"	"HT"	990	0	0	0	0	1	0
"2019"	20190915	"National Women's Soccer League"	"Chicago Red Stars"	"VT"	990	3	3	0	0	0	0
"2019"	20190917	"National Women's Soccer League"	"North Carolina Courage"	"HT"	990	1	0	1	1	0	0
"2019"	20190917	"National Women's Soccer League"	"Houston Dash"	"VT"	990	0	0	0	0	3	0
"2019"	20190921	"National Women's Soccer League"	"Utah Royals FC"	"HT"	990	0	0	0	0	0	0
"2019"	20190921	"National Women's Soccer League"	"North Carolina Courage"	"VT"	990	3	1	1	1	1	0
"2019"	20190921	"National Women's Soccer League"	"Reign FC"	"HT"	990	0	0	0	0	0	0
"2019"	20190921	"National Women's Soccer League"	"Sky Blue FC"	"VT"	990	1	1	0	0	2	0
"2019"	20190921	"National Women's Soccer League"	"Portland Thorns FC"	"HT"	990	1	1	0	0	0	0
"2019"	20190921	"National Women's Soccer League"	"Houston Dash"	"VT"	990	0	0	0	0	0	0
"2019"	20190921	"National Women's Soccer League"	"Chicago Red Stars"	"HT"	990	3	3	0	0	0	0
"2019"	20190921	"National Women's Soccer League"	"Washington Spirit"	"VT"	990	1	1	0	1	3	0
"2019"	20190925	"National Women's Soccer League"	"Reign FC"	"HT"	990	2	2	0	0	1	0
"2019"	20190925	"National Women's Soccer League"	"Utah Royals FC"	"VT"	990	1	1	0	0	0	0
"2019"	20190925	"National Women's Soccer League"	"Houston Dash"	"HT"	990	0	0	0	0	1	0
"2019"	20190925	"National Women's Soccer League"	"Washington Spirit"	"VT"	990	0	0	0	0	2	0
"2019"	20190928	"National Women's Soccer League"	"Washington Spirit"	"HT"	990	2	2	0	0	2	0
"2019"	20190928	"National Women's Soccer League"	"North Carolina Courage"	"VT"	990	1	1	0	0	1	0
"2019"	20190928	"National Women's Soccer League"	"Chicago Red Stars"	"HT"	990	2	0	0	0	1	0
"2019"	20190928	"National Women's Soccer League"	"Utah Royals FC"	"VT"	990	1	1	0	0	0	0
"2019"	20190929	"National Women's Soccer League"	"Reign FC"	"HT"	990	2	2	0	0	2	0
"2019"	20190929	"National Women's Soccer League"	"Portland Thorns FC"	"VT"	990	0	0	0	0	3	0
"2019"	20190929	"National Women's Soccer League"	"Sky Blue FC"	"HT"	990	1	1	0	0	1	0
"2019"	20190929	"National Women's Soccer League"	"Orlando Pride"	"VT"	990	1	0	0	0	1	0
"2019"	20191005	"National Women's Soccer League"	"Orlando Pride"	"HT"	990	0	0	0	0	1	0
"2019"	20191005	"National Women's Soccer League"	"Washington Spirit"	"VT"	990	3	1	0	0	1	0
"2019"	20191012	"National Women's Soccer League"	"Utah Royals FC"	"HT"	990	2	2	0	0	1	0
"2019"	20191012	"National Women's Soccer League"	"Houston Dash"	"VT"	990	1	1	0	0	3	0
"2019"	20191012	"National Women's Soccer League"	"Orlando Pride"	"HT"	990	2	1	0	0	2	0
"2019"	20191012	"National Women's Soccer League"	"Reign FC"	"VT"	990	2	2	0	0	3	0
"2019"	20191012	"National Women's Soccer League"	"Portland Thorns FC"	"HT"	990	0	0	0	0	0	0
"2019"	20191012	"National Women's Soccer League"	"Washington Spirit"	"VT"	990	0	0	0	0	0	0
"2019"	20191012	"National Women's Soccer League"	"North Carolina Courage"	"HT"	990	3	2	0	0	0	0
"2019"	20191012	"National Women's Soccer League"	"Sky Blue FC"	"VT"	990	2	1	0	0	0	0
"2019"	20191020	"National Women's Soccer League"	"Chicago Red Stars"	"HT"	990	1	1	0	0	0	0
"2019"	20191020	"National Women's Soccer League"	"Portland Thorns FC"	"VT"	990	0	0	0	0	1	0
"2019"	20191020	"National Women's Soccer League"	"North Carolina Courage"	"HT"	1320	3	1	1	1	0	0
"2019"	20191020	"National Women's Soccer League"	"Reign FC"	"VT"	1320	1	1	0	0	1	0
"2019"	20191027	"National Women's Soccer League"	"North Carolina Courage"	"HT"	990	4	2	0	0	1	0
"2019"	20191027	"National Women's Soccer League"	"Chicago Red Stars"	"VT"	990	0	0	0	0	2	0
"2020"	20200627	"NWSL Challenge Cup"	"Chicago Red Stars"	"HT"	990	1	0	0	0	0	0
"2020"	20200627	"NWSL Challenge Cup"	"Washington Spirit"	"VT"	990	2	0	0	0	0	0
"2020"	20200627	"NWSL Challenge Cup"	"North Carolina Courage"	"HT"	990	2	2	0	0	0	0
"2020"	20200627	"NWSL Challenge Cup"	"Portland Thorns FC"	"VT"	990	1	0	0	0	0	0
"2020"	20200630	"NWSL Challenge Cup"	"OL Reign"	"HT"	990	0	0	0	0	1	0
"2020"	20200630	"NWSL Challenge Cup"	"Sky Blue FC"	"VT"	990	0	0	0	0	0	0
"2020"	20200630	"NWSL Challenge Cup"	"Houston Dash"	"HT"	990	3	3	0	0	1	0
"2020"	20200630	"NWSL Challenge Cup"	"Utah Royals FC"	"VT"	990	3	2	0	0	2	0
"2020"	20200701	"NWSL Challenge Cup"	"Portland Thorns FC"	"HT"	990	0	0	0	0	1	0
"2020"	20200701	"NWSL Challenge Cup"	"Chicago Red Stars"	"VT"	990	0	0	0	0	1	0
"2020"	20200701	"NWSL Challenge Cup"	"Washington Spirit"	"HT"	990	0	0	0	0	0	0
"2020"	20200701	"NWSL Challenge Cup"	"North Carolina Courage"	"VT"	990	2	1	0	0	0	0
"2020"	20200704	"NWSL Challenge Cup"	"Utah Royals FC"	"HT"	990	1	1	0	0	2	0
"2020"	20200704	"NWSL Challenge Cup"	"Sky Blue FC"	"VT"	990	0	0	0	0	2	0
"2020"	20200704	"NWSL Challenge Cup"	"Houston Dash"	"HT"	990	2	2	0	0	1	0
"2020"	20200704	"NWSL Challenge Cup"	"OL Reign"	"VT"	990	0	0	0	0	1	0
"2020"	20200705	"NWSL Challenge Cup"	"North Carolina Courage"	"HT"	990	1	1	0	0	0	0
"2020"	20200705	"NWSL Challenge Cup"	"Chicago Red Stars"	"VT"	990	0	0	0	0	0	0
"2020"	20200705	"NWSL Challenge Cup"	"Portland Thorns FC"	"HT"	990	1	1	0	0	0	0
"2020"	20200705	"NWSL Challenge Cup"	"Washington Spirit"	"VT"	990	1	1	0	0	0	0
"2020"	20200708	"NWSL Challenge Cup"	"Sky Blue FC"	"HT"	990	2	1	0	0	2	0
"2020"	20200708	"NWSL Challenge Cup"	"Houston Dash"	"VT"	990	0	0	0	0	0	0
"2020"	20200708	"NWSL Challenge Cup"	"Utah Royals FC"	"HT"	990	0	0	0	0	0	0
"2020"	20200708	"NWSL Challenge Cup"	"OL Reign"	"VT"	990	1	1	0	0	0	0
"2020"	20200712	"NWSL Challenge Cup"	"Chicago Red Stars"	"HT"	990	1	1	0	0	0	0
"2020"	20200712	"NWSL Challenge Cup"	"Utah Royals FC"	"VT"	990	0	0	0	0	0	0
"2020"	20200712	"NWSL Challenge Cup"	"Washington Spirit"	"HT"	990	1	1	0	0	0	0
"2020"	20200712	"NWSL Challenge Cup"	"Houston Dash"	"VT"	990	0	0	0	0	2	0
"2020"	20200713	"NWSL Challenge Cup"	"Sky Blue FC"	"HT"	990	0	0	0	0	0	0
"2020"	20200713	"NWSL Challenge Cup"	"North Carolina Courage"	"VT"	990	2	1	0	0	0	0
"2020"	20200713	"NWSL Challenge Cup"	"OL Reign"	"HT"	990	0	0	0	0	0	0
"2020"	20200713	"NWSL Challenge Cup"	"Portland Thorns FC"	"VT"	990	0	0	0	0	0	0
"2020"	20200717	"NWSL Challenge Cup"	"North Carolina Courage"	"HT"	990	0	0	0	0	2	0
"2020"	20200717	"NWSL Challenge Cup"	"Portland Thorns FC"	"VT"	990	1	1	0	0	0	0
"2020"	20200717	"NWSL Challenge Cup"	"Houston Dash"	"HT"	990	0	0	0	0	2	0
"2020"	20200717	"NWSL Challenge Cup"	"Utah Royals FC"	"VT"	990	0	0	0	0	4	0
"2020"	20200718	"NWSL Challenge Cup"	"OL Reign"	"HT"	990	0	0	0	0	1	0
"2020"	20200718	"NWSL Challenge Cup"	"Chicago Red Stars"	"VT"	990	0	0	0	0	1	0
"2020"	20200718	"NWSL Challenge Cup"	"Washington Spirit"	"HT"	990	0	0	0	0	0	0
"2020"	20200718	"NWSL Challenge Cup"	"Sky Blue FC"	"VT"	990	0	0	0	0	2	0
"2020"	20200722	"NWSL Challenge Cup"	"Houston Dash"	"HT"	990	1	0	0	0	1	0
"2020"	20200722	"NWSL Challenge Cup"	"Portland Thorns FC"	"VT"	990	0	0	0	0	0	0
"2020"	20200722	"NWSL Challenge Cup"	"Chicago Red Stars"	"HT"	990	3	2	0	0	2	0
"2020"	20200722	"NWSL Challenge Cup"	"Sky Blue FC"	"VT"	990	1	1	0	0	1	0
"2020"	20200726	"NWSL Challenge Cup"	"Houston Dash"	"HT"	990	2	1	1	1	2	0
"2020"	20200726	"NWSL Challenge Cup"	"Chicago Red Stars"	"VT"	990	0	0	0	0	1	0
"2020"	20200905	"NWSL Fall Series"	"Washington Spirit"	"HT"	990	1	0	1	1	1	0
"2020"	20200905	"NWSL Fall Series"	"Sky Blue FC"	"VT"	990	2	1	0	0	0	0
"2020"	20200912	"NWSL Fall Series"	"Washington Spirit"	"HT"	990	2	1	0	0	2	0
"2020"	20200912	"NWSL Fall Series"	"Chicago Red Stars"	"VT"	941	1	1	0	0	2	1
"2020"	20200912	"NWSL Fall Series"	"North Carolina Courage"	"HT"	990	4	3	1	1	0	0
"2020"	20200912	"NWSL Fall Series"	"Houston Dash"	"VT"	952	3	3	0	0	2	1
"2020"	20200919	"NWSL Fall Series"	"North Carolina Courage"	"HT"	990	0	0	0	0	1	0
"2020"	20200919	"NWSL Fall Series"	"Orlando Pride"	"VT"	990	0	0	0	0	1	0
"2020"	20200920	"NWSL Fall Series"	"Portland Thorns FC"	"HT"	990	3	2	0	0	2	0
"2020"	20200920	"NWSL Fall Series"	"Utah Royals FC"	"VT"	990	0	0	0	0	0	0
"2020"	20200920	"NWSL Fall Series"	"Chicago Red Stars"	"HT"	990	4	4	0	0	1	0
"2020"	20200920	"NWSL Fall Series"	"Sky Blue FC"	"VT"	990	1	0	0	0	2	0
"2020"	20200926	"NWSL Fall Series"	"Utah Royals FC"	"HT"	990	2	1	0	0	0	0
"2020"	20200926	"NWSL Fall Series"	"OL Reign"	"VT"	990	2	2	0	0	1	0
"2020"	20200926	"NWSL Fall Series"	"Chicago Red Stars"	"HT"	990	1	1	0	0	0	0
"2020"	20200926	"NWSL Fall Series"	"Washington Spirit"	"VT"	990	1	0	0	0	2	0
"2020"	20200926	"NWSL Fall Series"	"Houston Dash"	"HT"	990	3	1	1	1	0	0
"2020"	20200926	"NWSL Fall Series"	"Orlando Pride"	"VT"	990	1	1	0	0	3	0
"2020"	20200930	"NWSL Fall Series"	"Portland Thorns FC"	"HT"	990	4	3	1	1	1	0
"2020"	20200930	"NWSL Fall Series"	"OL Reign"	"VT"	990	1	1	0	0	0	0
"2020"	20201003	"NWSL Fall Series"	"Sky Blue FC"	"HT"	990	0	0	0	0	2	0
"2020"	20201003	"NWSL Fall Series"	"Washington Spirit"	"VT"	990	1	0	0	0	2	0
"2020"	20201003	"NWSL Fall Series"	"Utah Royals FC"	"HT"	990	1	0	0	0	0	0
"2020"	20201003	"NWSL Fall Series"	"Portland Thorns FC"	"VT"	990	1	0	0	0	0	0
"2020"	20201004	"NWSL Fall Series"	"Houston Dash"	"HT"	990	4	4	0	0	1	0
"2020"	20201004	"NWSL Fall Series"	"North Carolina Courage"	"VT"	990	1	1	0	0	0	0
"2020"	20201009	"NWSL Fall Series"	"Orlando Pride"	"HT"	990	1	1	0	0	2	0
"2020"	20201009	"NWSL Fall Series"	"Houston Dash"	"VT"	990	2	2	0	0	1	0
"2020"	20201010	"NWSL Fall Series"	"OL Reign"	"HT"	990	1	1	0	0	2	0
"2020"	20201010	"NWSL Fall Series"	"Portland Thorns FC"	"VT"	990	2	0	2	2	0	0
"2020"	20201010	"NWSL Fall Series"	"Sky Blue FC"	"HT"	990	3	3	0	0	1	0
"2020"	20201010	"NWSL Fall Series"	"Chicago Red Stars"	"VT"	990	1	1	0	0	1	0
"2020"	20201017	"NWSL Fall Series"	"Orlando Pride"	"HT"	990	3	2	0	0	2	0
"2020"	20201017	"NWSL Fall Series"	"North Carolina Courage"	"VT"	990	3	3	0	0	0	0
"2020"	20201017	"NWSL Fall Series"	"OL Reign"	"HT"	990	2	2	0	0	2	0
"2020"	20201017	"NWSL Fall Series"	"Utah Royals FC"	"VT"	990	0	0	0	0	0	0
"2021"	20210409	"NWSL Challenge Cup"	"Portland Thorns FC"	"HT"	988	2	2	0	0	2	2
"2021"	20210409	"NWSL Challenge Cup"	"Kansas City"	"VT"	989	1	1	0	0	3	1
"2021"	20210409	"NWSL Challenge Cup"	"Houston Dash"	"HT"	990	0	0	0	0	0	0
"2021"	20210409	"NWSL Challenge Cup"	"Chicago Red Stars"	"VT"	990	0	0	0	0	1	0
"2021"	20210410	"NWSL Challenge Cup"	"North Carolina Courage"	"HT"	990	3	2	0	0	1	0
"2021"	20210410	"NWSL Challenge Cup"	"Washington Spirit"	"VT"	990	2	2	0	0	1	0
"2021"	20210410	"NWSL Challenge Cup"	"Racing Louisville"	"HT"	990	2	2	0	0	2	0
"2021"	20210410	"NWSL Challenge Cup"	"Orlando Pride"	"VT"	990	2	2	0	0	1	0
"2021"	20210414	"NWSL Challenge Cup"	"Orlando Pride"	"HT"	990	0	0	0	0	1	0
"2021"	20210414	"NWSL Challenge Cup"	"Gotham FC"	"VT"	990	1	1	0	1	2	0
"2021"	20210415	"NWSL Challenge Cup"	"Chicago Red Stars"	"HT"	990	0	0	0	0	1	0
"2021"	20210415	"NWSL Challenge Cup"	"Portland Thorns FC"	"VT"	990	1	1	0	0	1	0
"2021"	20210415	"NWSL Challenge Cup"	"Washington Spirit"	"HT"	990	1	1	0	0	2	0
"2021"	20210415	"NWSL Challenge Cup"	"Racing Louisville"	"VT"	990	0	0	0	0	1	0
"2021"	20210416	"NWSL Challenge Cup"	"OL Reign"	"HT"	990	0	0	0	0	1	0
"2021"	20210416	"NWSL Challenge Cup"	"Houston Dash"	"VT"	990	0	0	0	0	1	0
"2021"	20210420	"NWSL Challenge Cup"	"Gotham FC"	"HT"	990	4	4	0	0	1	0
"2021"	20210420	"NWSL Challenge Cup"	"North Carolina Courage"	"VT"	990	3	3	0	0	0	0
"2021"	20210421	"NWSL Challenge Cup"	"Chicago Red Stars"	"HT"	990	1	1	0	0	1	0
"2021"	20210421	"NWSL Challenge Cup"	"Kansas City"	"VT"	990	1	1	0	0	1	0
"2021"	20210421	"NWSL Challenge Cup"	"Portland Thorns FC"	"HT"	990	2	0	0	0	1	0
"2021"	20210421	"NWSL Challenge Cup"	"OL Reign"	"VT"	990	0	0	0	0	1	0
"2021"	20210421	"NWSL Challenge Cup"	"Orlando Pride"	"HT"	990	1	1	0	0	3	0
"2021"	20210421	"NWSL Challenge Cup"	"Washington Spirit"	"VT"	989	0	0	0	1	3	1
"2021"	20210426	"NWSL Challenge Cup"	"Kansas City"	"HT"	990	1	1	0	0	3	0
"2021"	20210426	"NWSL Challenge Cup"	"Houston Dash"	"VT"	990	3	1	1	1	2	0
"2021"	20210426	"NWSL Challenge Cup"	"Racing Louisville"	"HT"	990	2	2	0	0	0	0
"2021"	20210426	"NWSL Challenge Cup"	"North Carolina Courage"	"VT"	990	2	2	0	0	2	0
"2021"	20210427	"NWSL Challenge Cup"	"OL Reign"	"HT"	990	3	3	0	0	0	0
"2021"	20210427	"NWSL Challenge Cup"	"Chicago Red Stars"	"VT"	990	2	1	0	0	0	0
"2021"	20210427	"NWSL Challenge Cup"	"Washington Spirit"	"HT"	990	0	0	0	0	1	0
"2021"	20210427	"NWSL Challenge Cup"	"Gotham FC"	"VT"	990	0	0	0	0	0	0
"2021"	20210501	"NWSL Challenge Cup"	"North Carolina Courage"	"HT"	990	0	0	0	0	1	0
"2021"	20210501	"NWSL Challenge Cup"	"Orlando Pride"	"VT"	990	0	0	0	0	0	0
"2021"	20210502	"NWSL Challenge Cup"	"Gotham FC"	"HT"	990	0	0	0	0	1	0
"2021"	20210502	"NWSL Challenge Cup"	"Racing Louisville"	"VT"	990	0	0	0	0	0	0
"2021"	20210502	"NWSL Challenge Cup"	"Houston Dash"	"HT"	990	1	0	0	0	2	0
"2021"	20210502	"NWSL Challenge Cup"	"Portland Thorns FC"	"VT"	990	1	0	0	0	0	0
"2021"	20210503	"NWSL Challenge Cup"	"Kansas City"	"HT"	990	1	1	0	0	0	0
"2021"	20210503	"NWSL Challenge Cup"	"OL Reign"	"VT"	990	2	1	1	1	3	0
"2021"	20210508	"NWSL Challenge Cup"	"Portland Thorns FC"	"HT"	990	1	0	0	0	1	0
"2021"	20210508	"NWSL Challenge Cup"	"Gotham FC"	"VT"	990	1	1	0	0	1	0
"2021"	20210515	"National Women's Soccer League"	"OL Reign"	"HT"	990	0	0	0	0	1	0
"2021"	20210515	"National Women's Soccer League"	"North Carolina Courage"	"VT"	990	0	0	0	0	2	0
"2021"	20210515	"National Women's Soccer League"	"Racing Louisville"	"HT"	990	0	0	0	0	1	0
"2021"	20210515	"National Women's Soccer League"	"Kansas City"	"VT"	990	0	0	0	0	0	0
"2021"	20210515	"National Women's Soccer League"	"Gotham FC"	"HT"	990	1	1	0	0	2	0
"2021"	20210515	"National Women's Soccer League"	"Houston Dash"	"VT"	990	0	0	0	0	4	0
"2021"	20210516	"National Women's Soccer League"	"Orlando Pride"	"HT"	990	1	1	0	0	0	0
"2021"	20210516	"National Women's Soccer League"	"Washington Spirit"	"VT"	990	1	1	0	0	1	0
"2021"	20210516	"National Women's Soccer League"	"Portland Thorns FC"	"HT"	990	4	2	1	1	1	0
"2021"	20210516	"National Women's Soccer League"	"Chicago Red Stars"	"VT"	990	0	0	0	0	0	0
"2021"	20210521	"National Women's Soccer League"	"Racing Louisville"	"HT"	990	2	1	0	0	2	0
"2021"	20210521	"National Women's Soccer League"	"Washington Spirit"	"VT"	990	0	0	0	0	2	0
"2021"	20210522	"National Women's Soccer League"	"Chicago Red Stars"	"HT"	990	0	0	0	0	2	0
"2021"	20210522	"National Women's Soccer League"	"Gotham FC"	"VT"	990	0	0	0	0	2	0
"2021"	20210522	"National Women's Soccer League"	"North Carolina Courage"	"HT"	990	1	1	0	0	2	0
"2021"	20210522	"National Women's Soccer League"	"Orlando Pride"	"VT"	990	2	1	0	0	2	0
"2021"	20210523	"National Women's Soccer League"	"Houston Dash"	"HT"	990	2	2	0	0	1	0
"2021"	20210523	"National Women's Soccer League"	"Kansas City"	"VT"	968	2	2	0	0	4	1
"2021"	20210523	"National Women's Soccer League"	"Portland Thorns FC"	"HT"	990	1	0	0	0	1	0
"2021"	20210523	"National Women's Soccer League"	"OL Reign"	"VT"	990	2	1	0	0	3	0
"2021"	20210526	"National Women's Soccer League"	"Kansas City"	"HT"	990	0	0	0	0	1	0
"2021"	20210526	"National Women's Soccer League"	"Chicago Red Stars"	"VT"	990	2	2	0	0	3	0
"2021"	20210526	"National Women's Soccer League"	"Washington Spirit"	"HT"	949	2	2	0	0	3	1
"2021"	20210526	"National Women's Soccer League"	"Houston Dash"	"VT"	990	1	1	0	0	3	0
"2021"	20210526	"National Women's Soccer League"	"Orlando Pride"	"HT"	990	2	1	0	0	1	0
"2021"	20210526	"National Women's Soccer League"	"Portland Thorns FC"	"VT"	990	1	1	0	0	2	0
"2021"	20210528	"National Women's Soccer League"	"North Carolina Courage"	"HT"	990	5	5	0	0	1	0
"2021"	20210528	"National Women's Soccer League"	"Racing Louisville"	"VT"	990	0	0	0	0	0	0
"2021"	20210529	"National Women's Soccer League"	"Houston Dash"	"HT"	990	2	2	0	0	1	0
"2021"	20210529	"National Women's Soccer League"	"Chicago Red Stars"	"VT"	990	1	0	0	0	1	0
"2021"	20210530	"National Women's Soccer League"	"Orlando Pride"	"HT"	990	1	1	0	1	1	0
"2021"	20210530	"National Women's Soccer League"	"Kansas City"	"VT"	990	0	0	0	0	3	0
"2021"	20210530	"National Women's Soccer League"	"Gotham FC"	"HT"	990	0	0	0	0	2	0
"2021"	20210530	"National Women's Soccer League"	"Portland Thorns FC"	"VT"	990	1	1	0	0	2	0
"2021"	20210530	"National Women's Soccer League"	"OL Reign"	"HT"	990	0	0	0	0	1	0
"2021"	20210530	"National Women's Soccer League"	"Washington Spirit"	"VT"	990	0	0	0	0	0	0
"2021"	20210605	"National Women's Soccer League"	"Portland Thorns FC"	"HT"	990	3	3	0	0	1	0
"2021"	20210605	"National Women's Soccer League"	"Racing Louisville"	"VT"	990	0	0	0	0	2	0
"2021"	20210605	"National Women's Soccer League"	"Gotham FC"	"HT"	990	1	1	0	0	0	0
"2021"	20210605	"National Women's Soccer League"	"OL Reign"	"VT"	990	0	0	0	0	1	0
"2021"	20210605	"National Women's Soccer League"	"Chicago Red Stars"	"HT"	990	1	0	0	0	1	0
"2021"	20210605	"National Women's Soccer League"	"North Carolina Courage"	"VT"	990	0	0	0	0	0	0
"2021"	20210606	"National Women's Soccer League"	"Washington Spirit"	"HT"	990	1	1	0	0	1	0
"2021"	20210606	"National Women's Soccer League"	"Orlando Pride"	"VT"	990	1	1	0	0	2	0
"2021"	20210606	"National Women's Soccer League"	"Kansas City"	"HT"	990	0	0	0	0	0	0
"2021"	20210606	"National Women's Soccer League"	"Houston Dash"	"VT"	990	1	1	0	0	5	0
"2021"	20210619	"National Women's Soccer League"	"Chicago Red Stars"	"HT"	990	1	0	1	1	0	0
"2021"	20210619	"National Women's Soccer League"	"Washington Spirit"	"VT"	990	1	1	0	0	0	0
"2021"	20210619	"National Women's Soccer League"	"North Carolina Courage"	"HT"	990	2	2	0	0	1	0
"2021"	20210619	"National Women's Soccer League"	"OL Reign"	"VT"	990	1	0	0	0	2	0
"2021"	20210620	"National Women's Soccer League"	"Racing Louisville"	"HT"	990	1	1	0	0	1	0
"2021"	20210620	"National Women's Soccer League"	"Houston Dash"	"VT"	990	0	0	0	0	1	0
"2021"	20210620	"National Women's Soccer League"	"Portland Thorns FC"	"HT"	990	1	1	0	1	0	0
"2021"	20210620	"National Women's Soccer League"	"Kansas City"	"VT"	990	0	0	0	0	3	0
"2021"	20210620	"National Women's Soccer League"	"Orlando Pride"	"HT"	990	1	1	0	0	1	0
"2021"	20210620	"National Women's Soccer League"	"Gotham FC"	"VT"	990	1	1	0	0	1	0
"2021"	20210622	"National Women's Soccer League"	"OL Reign"	"HT"	990	2	1	0	0	3	0
"2021"	20210622	"National Women's Soccer League"	"Chicago Red Stars"	"VT"	989	0	0	0	0	3	1
"2021"	20210623	"National Women's Soccer League"	"Racing Louisville"	"HT"	990	0	0	0	0	1	0
"2021"	20210623	"National Women's Soccer League"	"North Carolina Courage"	"VT"	990	2	2	0	0	0	0
"2021"	20210623	"National Women's Soccer League"	"Kansas City"	"HT"	990	1	1	0	0	0	0
"2021"	20210623	"National Women's Soccer League"	"Orlando Pride"	"VT"	990	3	3	0	0	2	0
"2021"	20210626	"National Women's Soccer League"	"Kansas City"	"HT"	990	1	1	0	0	3	0
"2021"	20210626	"National Women's Soccer League"	"Washington Spirit"	"VT"	990	2	2	0	0	0	0
"2021"	20210626	"National Women's Soccer League"	"Houston Dash"	"HT"	990	2	1	0	0	1	0
"2021"	20210626	"National Women's Soccer League"	"Orlando Pride"	"VT"	990	1	1	0	0	2	0
"2021"	20210626	"National Women's Soccer League"	"Chicago Red Stars"	"HT"	954	0	0	0	0	2	1
"2021"	20210626	"National Women's Soccer League"	"Racing Louisville"	"VT"	990	3	1	0	0	1	0
"2021"	20210626	"National Women's Soccer League"	"OL Reign"	"HT"	990	0	0	0	0	1	0
"2021"	20210626	"National Women's Soccer League"	"Gotham FC"	"VT"	990	3	3	0	0	0	0
"2021"	20210626	"National Women's Soccer League"	"North Carolina Courage"	"HT"	990	2	1	0	0	0	0
"2021"	20210626	"National Women's Soccer League"	"Portland Thorns FC"	"VT"	990	0	0	0	0	1	0
"2021"	20210702	"National Women's Soccer League"	"Gotham FC"	"HT"	990	1	1	0	0	1	0
"2021"	20210702	"National Women's Soccer League"	"Kansas City"	"VT"	990	1	0	0	0	0	0
"2021"	20210702	"National Women's Soccer League"	"Washington Spirit"	"HT"	990	0	0	0	0	0	0
"2021"	20210702	"National Women's Soccer League"	"Chicago Red Stars"	"VT"	990	0	0	0	0	0	0
"2021"	20210702	"National Women's Soccer League"	"Houston Dash"	"HT"	990	2	1	0	0	3	0
"2021"	20210702	"National Women's Soccer League"	"OL Reign"	"VT"	990	0	0	0	0	1	0
"2021"	20210703	"National Women's Soccer League"	"Racing Louisville"	"HT"	990	0	0	0	0	2	0
"2021"	20210703	"National Women's Soccer League"	"Portland Thorns FC"	"VT"	990	2	1	1	1	0	0
"2021"	20210704	"National Women's Soccer League"	"Orlando Pride"	"HT"	990	0	0	0	0	0	0
"2021"	20210704	"National Women's Soccer League"	"North Carolina Courage"	"VT"	990	2	1	0	1	2	0
"2021"	20210709	"National Women's Soccer League"	"Orlando Pride"	"HT"	990	1	1	0	0	1	0
"2021"	20210709	"National Women's Soccer League"	"Racing Louisville"	"VT"	990	1	0	0	0	3	0
"2021"	20210710	"National Women's Soccer League"	"Washington Spirit"	"HT"	990	2	1	0	0	2	0
"2021"	20210710	"National Women's Soccer League"	"North Carolina Courage"	"VT"	990	0	0	0	0	3	0
"2021"	20210711	"National Women's Soccer League"	"Chicago Red Stars"	"HT"	990	0	0	0	0	0	0
"2021"	20210711	"National Women's Soccer League"	"Houston Dash"	"VT"	990	1	0	0	0	1	0
"2021"	20210711	"National Women's Soccer League"	"Portland Thorns FC"	"HT"	990	0	0	0	0	0	0
"2021"	20210711	"National Women's Soccer League"	"Gotham FC"	"VT"	990	0	0	0	0	4	0
"2021"	20210711	"National Women's Soccer League"	"OL Reign"	"HT"	969	2	1	0	0	3	1
"2021"	20210711	"National Women's Soccer League"	"Kansas City"	"VT"	990	0	0	0	0	1	0
"2021"	20210717	"National Women's Soccer League"	"North Carolina Courage"	"HT"	990	1	0	0	0	2	0
"2021"	20210717	"National Women's Soccer League"	"Houston Dash"	"VT"	990	2	1	0	0	3	0
"2021"	20210718	"National Women's Soccer League"	"Chicago Red Stars"	"HT"	990	1	1	0	0	0	0
"2021"	20210718	"National Women's Soccer League"	"OL Reign"	"VT"	990	1	1	0	0	2	0
"2021"	20210718	"National Women's Soccer League"	"Washington Spirit"	"HT"	906	2	1	0	0	0	1
"2021"	20210718	"National Women's Soccer League"	"Gotham FC"	"VT"	990	3	2	0	0	2	0
"2021"	20210718	"National Women's Soccer League"	"Portland Thorns FC"	"HT"	990	2	2	0	1	2	0
"2021"	20210718	"National Women's Soccer League"	"Orlando Pride"	"VT"	990	1	1	0	0	2	0
"2021"	20210723	"National Women's Soccer League"	"Kansas City"	"HT"	990	0	0	0	0	0	0
"2021"	20210723	"National Women's Soccer League"	"North Carolina Courage"	"VT"	990	0	0	0	0	2	0
"2021"	20210724	"National Women's Soccer League"	"Houston Dash"	"HT"	990	0	0	0	0	1	0
"2021"	20210724	"National Women's Soccer League"	"Portland Thorns FC"	"VT"	990	1	0	0	0	2	0
"2021"	20210724	"National Women's Soccer League"	"Orlando Pride"	"HT"	990	0	0	0	0	3	0
"2021"	20210724	"National Women's Soccer League"	"OL Reign"	"VT"	990	2	2	0	1	4	0
"2021"	20210725	"National Women's Soccer League"	"Racing Louisville"	"HT"	990	0	0	0	0	0	0
"2021"	20210725	"National Women's Soccer League"	"Washington Spirit"	"VT"	990	2	2	0	0	1	0
"2021"	20210725	"National Women's Soccer League"	"Gotham FC"	"HT"	990	2	1	1	1	2	0
"2021"	20210725	"National Women's Soccer League"	"Chicago Red Stars"	"VT"	989	1	1	0	0	1	1
"2021"	20210731	"National Women's Soccer League"	"OL Reign"	"HT"	990	2	2	0	0	1	0
"2021"	20210731	"National Women's Soccer League"	"Racing Louisville"	"VT"	990	0	0	0	0	0	0
"2021"	20210731	"National Women's Soccer League"	"North Carolina Courage"	"HT"	990	1	1	0	0	1	0
"2021"	20210731	"National Women's Soccer League"	"Orlando Pride"	"VT"	990	1	1	0	0	2	0
"2021"	20210801	"National Women's Soccer League"	"Houston Dash"	"HT"	990	1	0	0	0	1	0
"2021"	20210801	"National Women's Soccer League"	"Gotham FC"	"VT"	990	1	1	0	0	1	0
"2021"	20210801	"National Women's Soccer League"	"Portland Thorns FC"	"HT"	990	1	1	0	0	1	0
"2021"	20210801	"National Women's Soccer League"	"Kansas City"	"VT"	990	0	0	0	0	0	0
"2021"	20210801	"National Women's Soccer League"	"Chicago Red Stars"	"HT"	990	3	0	1	1	0	0
"2021"	20210801	"National Women's Soccer League"	"Washington Spirit"	"VT"	990	1	0	0	0	3	0
"2021"	20210807	"National Women's Soccer League"	"Washington Spirit"	"HT"	990	0	0	0	0	1	0
"2021"	20210807	"National Women's Soccer League"	"Portland Thorns FC"	"VT"	990	1	1	0	0	1	0
"2021"	20210807	"National Women's Soccer League"	"OL Reign"	"HT"	990	5	4	0	0	0	0
"2021"	20210807	"National Women's Soccer League"	"Houston Dash"	"VT"	990	0	0	0	0	2	0
"2021"	20210807	"National Women's Soccer League"	"Gotham FC"	"HT"	990	0	0	0	0	1	0
"2021"	20210807	"National Women's Soccer League"	"North Carolina Courage"	"VT"	990	1	0	0	0	0	0
"2021"	20210808	"National Women's Soccer League"	"Chicago Red Stars"	"HT"	990	0	0	0	0	0	0
"2021"	20210808	"National Women's Soccer League"	"Orlando Pride"	"VT"	990	2	2	0	0	3	0
"2021"	20210808	"National Women's Soccer League"	"Racing Louisville"	"HT"	990	3	2	0	0	4	0
"2021"	20210808	"National Women's Soccer League"	"Kansas City"	"VT"	990	1	0	0	0	3	0
"2021"	20210813	"National Women's Soccer League"	"Houston Dash"	"HT"	990	2	1	0	0	2	0
"2021"	20210813	"National Women's Soccer League"	"Washington Spirit"	"VT"	990	2	1	0	0	1	0
"2021"	20210814	"National Women's Soccer League"	"Kansas City"	"HT"	990	1	0	0	0	1	0
"2021"	20210814	"National Women's Soccer League"	"OL Reign"	"VT"	990	0	0	0	0	1	0
"2021"	20210814	"National Women's Soccer League"	"Orlando Pride"	"HT"	990	1	1	0	0	5	0
"2021"	20210814	"National Women's Soccer League"	"Portland Thorns FC"	"VT"	990	1	1	0	0	1	0
"2021"	20210815	"National Women's Soccer League"	"North Carolina Courage"	"HT"	990	1	0	1	1	0	0
"2021"	20210815	"National Women's Soccer League"	"Chicago Red Stars"	"VT"	990	0	0	0	0	1	0
"2021"	20210815	"National Women's Soccer League"	"Gotham FC"	"HT"	990	1	1	0	0	0	0
"2021"	20210815	"National Women's Soccer League"	"Racing Louisville"	"VT"	990	1	0	0	0	2	0
"2021"	20210818	"National Women's Soccer League"	"Racing Louisville"	"HT"	990	1	0	0	0	3	0
"2021"	20210818	"National Women's Soccer League"	"Chicago Red Stars"	"VT"	990	1	0	0	0	0	0
"2021"	20210821	"National Women's Soccer League"	"OL Reign"	"HT"	990	3	1	2	2	0	0
"2021"	20210821	"National Women's Soccer League"	"Gotham FC"	"VT"	990	2	2	0	0	2	0
"2021"	20210821	"National Women's Soccer League"	"North Carolina Courage"	"HT"	974	4	4	0	0	2	1
"2021"	20210821	"National Women's Soccer League"	"Kansas City"	"VT"	990	0	0	0	0	2	0
"2021"	20210822	"National Women's Soccer League"	"Washington Spirit"	"HT"	990	2	1	0	0	0	0
"2021"	20210822	"National Women's Soccer League"	"Orlando Pride"	"VT"	990	1	1	0	0	2	0
"2021"	20210825	"National Women's Soccer League"	"Portland Thorns FC"	"HT"	990	2	0	1	1	1	0
"2021"	20210825	"National Women's Soccer League"	"Gotham FC"	"VT"	990	1	1	0	0	1	0
"2021"	20210825	"National Women's Soccer League"	"Kansas City"	"HT"	990	1	1	0	0	4	0
"2021"	20210825	"National Women's Soccer League"	"Racing Louisville"	"VT"	989	1	1	0	0	3	1
"2021"	20210828	"National Women's Soccer League"	"Chicago Red Stars"	"HT"	990	3	2	0	0	1	0
"2021"	20210828	"National Women's Soccer League"	"Kansas City"	"VT"	990	0	0	0	0	0	0
"2021"	20210829	"National Women's Soccer League"	"Gotham FC"	"HT"	990	0	0	0	0	2	0
"2021"	20210829	"National Women's Soccer League"	"Orlando Pride"	"VT"	990	1	1	0	0	1	0
"2021"	20210829	"National Women's Soccer League"	"Washington Spirit"	"HT"	990	0	0	0	0	1	0
"2021"	20210829	"National Women's Soccer League"	"North Carolina Courage"	"VT"	990	0	0	0	0	1	0
"2021"	20210829	"National Women's Soccer League"	"Houston Dash"	"HT"	990	1	1	0	0	3	0
"2021"	20210829	"National Women's Soccer League"	"Racing Louisville"	"VT"	990	0	0	0	0	2	0
"2021"	20210829	"National Women's Soccer League"	"OL Reign"	"HT"	990	2	1	1	1	3	0
"2021"	20210829	"National Women's Soccer League"	"Portland Thorns FC"	"VT"	990	1	0	0	0	1	0
"2021"	20210901	"National Women's Soccer League"	"Houston Dash"	"HT"	990	0	0	0	0	3	0
"2021"	20210901	"National Women's Soccer League"	"OL Reign"	"VT"	990	1	0	0	0	1	0
"2021"	20210904	"National Women's Soccer League"	"Gotham FC"	"HT"	990	0	0	0	0	2	0
"2021"	20210904	"National Women's Soccer League"	"Chicago Red Stars"	"VT"	990	0	0	0	0	2	0
"2021"	20210904	"National Women's Soccer League"	"Racing Louisville"	"HT"	990	1	0	0	0	0	0
"2021"	20210904	"National Women's Soccer League"	"OL Reign"	"VT"	990	1	1	0	0	1	0
"2021"	20210905	"National Women's Soccer League"	"Kansas City"	"HT"	990	0	0	0	0	1	0
"2021"	20210905	"National Women's Soccer League"	"North Carolina Courage"	"VT"	990	0	0	0	0	1	0
"2021"	20210905	"National Women's Soccer League"	"Orlando Pride"	"HT"	990	1	1	0	0	1	0
"2021"	20210905	"National Women's Soccer League"	"Houston Dash"	"VT"	990	1	0	0	0	2	0
"2021"	20210910	"National Women's Soccer League"	"Houston Dash"	"HT"	990	1	0	0	0	1	0
"2021"	20210910	"National Women's Soccer League"	"Chicago Red Stars"	"VT"	990	1	0	0	0	1	0
"2021"	20210911	"National Women's Soccer League"	"Orlando Pride"	"HT"	990	3	1	0	0	0	0
"2021"	20210911	"National Women's Soccer League"	"Racing Louisville"	"VT"	990	1	1	0	0	0	0
"2021"	20210912	"National Women's Soccer League"	"North Carolina Courage"	"HT"	990	0	0	0	0	2	0
"2021"	20210912	"National Women's Soccer League"	"Portland Thorns FC"	"VT"	990	1	1	0	0	1	0
"2021"	20210925	"National Women's Soccer League"	"Gotham FC"	"HT"	990	3	2	1	1	5	0
"2021"	20210925	"National Women's Soccer League"	"North Carolina Courage"	"VT"	990	1	0	0	0	2	0
"2021"	20210925	"National Women's Soccer League"	"Chicago Red Stars"	"HT"	990	2	2	0	0	0	0
"2021"	20210925	"National Women's Soccer League"	"Portland Thorns FC"	"VT"	990	1	1	0	0	1	0
"2021"	20210926	"National Women's Soccer League"	"OL Reign"	"HT"	990	3	3	0	0	0	0
"2021"	20210926	"National Women's Soccer League"	"Orlando Pride"	"VT"	990	0	0	0	0	3	0
"2021"	20210926	"National Women's Soccer League"	"Racing Louisville"	"HT"	990	0	0	0	0	1	0
"2021"	20210926	"National Women's Soccer League"	"Houston Dash"	"VT"	990	4	2	0	0	0	0
"2021"	20210926	"National Women's Soccer League"	"Washington Spirit"	"HT"	990	2	0	1	1	3	0
"2021"	20210926	"National Women's Soccer League"	"Kansas City"	"VT"	990	1	1	0	0	2	0
"2021"	20211006	"National Women's Soccer League"	"Gotham FC"	"HT"	990	0	0	0	0	1	0
"2021"	20211006	"National Women's Soccer League"	"Washington Spirit"	"VT"	990	0	0	0	0	1	0
"2021"	20211006	"National Women's Soccer League"	"North Carolina Courage"	"HT"	990	3	1	0	0	0	0
"2021"	20211006	"National Women's Soccer League"	"Racing Louisville"	"VT"	990	1	0	0	0	0	0
"2021"	20211006	"National Women's Soccer League"	"Portland Thorns FC"	"HT"	990	2	2	0	0	2	0
"2021"	20211006	"National Women's Soccer League"	"Houston Dash"	"VT"	990	3	1	1	1	0	0
"2021"	20211009	"National Women's Soccer League"	"Washington Spirit"	"HT"	990	3	2	1	1	0	0
"2021"	20211009	"National Women's Soccer League"	"Racing Louisville"	"VT"	990	0	0	0	0	1	0
"2021"	20211009	"National Women's Soccer League"	"Orlando Pride"	"HT"	990	2	1	1	1	1	0
"2021"	20211009	"National Women's Soccer League"	"Gotham FC"	"VT"	990	3	2	0	0	1	0
"2021"	20211010	"National Women's Soccer League"	"Houston Dash"	"HT"	990	4	3	0	0	1	0
"2021"	20211010	"National Women's Soccer League"	"North Carolina Courage"	"VT"	990	1	1	0	0	1	0
"2021"	20211010	"National Women's Soccer League"	"OL Reign"	"HT"	990	3	2	0	0	0	0
"2021"	20211010	"National Women's Soccer League"	"Chicago Red Stars"	"VT"	990	2	1	0	0	1	0
"2021"	20211010	"National Women's Soccer League"	"Kansas City"	"HT"	990	0	0	0	0	0	0
"2021"	20211010	"National Women's Soccer League"	"Portland Thorns FC"	"VT"	990	0	0	0	1	0	0
"2021"	20211013	"National Women's Soccer League"	"Kansas City"	"HT"	990	3	1	1	1	1	0
"2021"	20211013	"National Women's Soccer League"	"Houston Dash"	"VT"	990	0	0	0	0	1	0
"2021"	20211013	"National Women's Soccer League"	"Portland Thorns FC"	"HT"	990	1	0	0	0	0	0
"2021"	20211013	"National Women's Soccer League"	"OL Reign"	"VT"	990	1	0	1	1	1	0
"2021"	20211013	"National Women's Soccer League"	"Chicago Red Stars"	"HT"	990	1	0	0	0	3	0
"2021"	20211013	"National Women's Soccer League"	"Orlando Pride"	"VT"	990	0	0	0	1	0	0
"2021"	20211013	"National Women's Soccer League"	"North Carolina Courage"	"HT"	990	1	0	0	0	1	0
"2021"	20211013	"National Women's Soccer League"	"Washington Spirit"	"VT"	990	2	0	0	0	0	0
"2021"	20211016	"National Women's Soccer League"	"Racing Louisville"	"HT"	990	3	2	0	0	0	0
"2021"	20211016	"National Women's Soccer League"	"Orlando Pride"	"VT"	990	1	1	0	0	1	0
"2021"	20211016	"National Women's Soccer League"	"Chicago Red Stars"	"HT"	990	1	1	0	0	0	0
"2021"	20211016	"National Women's Soccer League"	"Kansas City"	"VT"	990	1	1	0	0	1	0
"2021"	20211016	"National Women's Soccer League"	"OL Reign"	"HT"	990	0	0	0	0	2	0
"2021"	20211016	"National Women's Soccer League"	"Washington Spirit"	"VT"	990	2	2	0	0	2	0
"2021"	20211017	"National Women's Soccer League"	"Houston Dash"	"HT"	990	0	0	0	0	1	0
"2021"	20211017	"National Women's Soccer League"	"Portland Thorns FC"	"VT"	990	1	1	0	0	1	0
"2021"	20211017	"National Women's Soccer League"	"North Carolina Courage"	"HT"	990	0	0	0	0	1	0
"2021"	20211017	"National Women's Soccer League"	"Gotham FC"	"VT"	990	3	1	0	0	1	0
"2021"	20211022	"National Women's Soccer League"	"Kansas City"	"HT"	990	1	0	1	1	1	0
"2021"	20211022	"National Women's Soccer League"	"Gotham FC"	"VT"	990	1	1	0	0	2	0
"2021"	20211028	"National Women's Soccer League"	"Racing Louisville"	"HT"	990	1	1	0	0	1	0
"2021"	20211028	"National Women's Soccer League"	"Gotham FC"	"VT"	990	1	0	0	0	1	0
"2021"	20211029	"National Women's Soccer League"	"Orlando Pride"	"HT"	990	0	0	0	0	1	0
"2021"	20211029	"National Women's Soccer League"	"Chicago Red Stars"	"VT"	990	1	1	0	0	1	0
"2021"	20211030	"National Women's Soccer League"	"Kansas City"	"HT"	990	0	0	0	0	1	0
"2021"	20211030	"National Women's Soccer League"	"OL Reign"	"VT"	990	2	2	0	0	1	0
"2021"	20211030	"National Women's Soccer League"	"Portland Thorns FC"	"HT"	990	0	0	0	0	0	0
"2021"	20211030	"National Women's Soccer League"	"North Carolina Courage"	"VT"	990	0	0	0	0	0	0
"2021"	20211031	"National Women's Soccer League"	"Washington Spirit"	"HT"	990	1	1	0	0	0	0
"2021"	20211031	"National Women's Soccer League"	"Houston Dash"	"VT"	990	0	0	0	0	2	0
"2021"	20211031	"National Women's Soccer League"	"Gotham FC"	"HT"	990	1	1	0	0	2	0
"2021"	20211031	"National Women's Soccer League"	"Racing Louisville"	"VT"	990	1	0	1	1	2	0
"2021"	20211107	"National Women's Soccer League"	"Washington Spirit"	"HT"	1320	1	0	0	0	0	0
"2021"	20211107	"National Women's Soccer League"	"North Carolina Courage"	"VT"	1320	0	0	0	0	0	0
"2021"	20211107	"National Women's Soccer League"	"Chicago Red Stars"	"HT"	990	1	1	0	0	2	0
"2021"	20211107	"National Women's Soccer League"	"Gotham FC"	"VT"	990	0	0	0	0	3	0
"2021"	20211114	"National Women's Soccer League"	"OL Reign"	"HT"	990	1	1	0	0	2	0
"2021"	20211114	"National Women's Soccer League"	"Washington Spirit"	"VT"	990	2	1	0	0	1	0
"2021"	20211114	"National Women's Soccer League"	"Portland Thorns FC"	"HT"	990	0	0	0	0	1	0
"2021"	20211114	"National Women's Soccer League"	"Chicago Red Stars"	"VT"	990	2	2	0	0	0	0
"2021"	20211120	"National Women's Soccer League"	"Washington Spirit"	"HT"	1320	2	1	1	1	1	0
"2021"	20211120	"National Women's Soccer League"	"Chicago Red Stars"	"VT"	1320	1	1	0	0	0	0
